phone,id,fol,prev,word,start,end,file_name
spn,0-0-0-0,#,#,sección,0.0,0.52,habitanteysuesperanza_01_neruda_128kb_00
spn,0-0-1-0,#,#,one,0.52,0.78,habitanteysuesperanza_01_neruda_128kb_00
spn,0-0-2-0,#,#,de,0.78,0.87,habitanteysuesperanza_01_neruda_128kb_00
spn,0-0-3-0,#,#,el,0.87,1.49,habitanteysuesperanza_01_neruda_128kb_00
spn,0-0-4-0,#,#,habitante,1.49,1.63,habitanteysuesperanza_01_neruda_128kb_00
i,0-0-5-0,#,#,y,1.63,1.66,habitanteysuesperanza_01_neruda_128kb_00
spn,0-0-6-0,#,#,su,1.66,1.81,habitanteysuesperanza_01_neruda_128kb_00
spn,0-0-7-0,#,#,esperanza,1.81,3.25,habitanteysuesperanza_01_neruda_128kb_00
spn,0-0-8-0,#,#,de,3.25,3.44,habitanteysuesperanza_01_neruda_128kb_00
spn,0-0-9-0,#,#,pablo,3.44,4.0,habitanteysuesperanza_01_neruda_128kb_00
spn,0-0-10-0,#,#,neruda,4.0,4.32,habitanteysuesperanza_01_neruda_128kb_00
spn,0-0-0-0,#,#,esta,0.0,0.38,habitanteysuesperanza_01_neruda_128kb_01
spn,0-0-1-0,#,#,grabación,0.38,0.7,habitanteysuesperanza_01_neruda_128kb_01
spn,0-0-2-0,#,#,de,0.7,0.95,habitanteysuesperanza_01_neruda_128kb_01
spn,0-0-3-0,#,#,libribox,0.95,1.29,habitanteysuesperanza_01_neruda_128kb_01
spn,0-0-4-0,#,#,está,1.29,1.61,habitanteysuesperanza_01_neruda_128kb_01
e,0-0-5-0,n,#,en,1.61,1.64,habitanteysuesperanza_01_neruda_128kb_01
n,0-0-5-1,#,e,en,1.64,1.7,habitanteysuesperanza_01_neruda_128kb_01
spn,0-0-6-0,#,#,el,1.7,2.03,habitanteysuesperanza_01_neruda_128kb_01
spn,0-0-7-0,#,#,dominio,2.03,2.34,habitanteysuesperanza_01_neruda_128kb_01
spn,0-0-8-0,#,#,público,2.34,2.598753,habitanteysuesperanza_01_neruda_128kb_01
spn,0-0-0-0,#,#,leído,0.0,0.33,habitanteysuesperanza_01_neruda_128kb_02
spn,0-0-1-0,#,#,por,0.33,0.85,habitanteysuesperanza_01_neruda_128kb_02
spn,0-0-2-0,#,#,mario,0.85,1.14,habitanteysuesperanza_01_neruda_128kb_02
spn,0-0-3-0,#,#,pineda,1.14,1.383741,habitanteysuesperanza_01_neruda_128kb_02
spn,0-0-0-0,#,#,capitolo,0.0,0.62,habitanteysuesperanza_01_neruda_128kb_03
spn,0-0-1-0,#,#,one,0.62,1.063129,habitanteysuesperanza_01_neruda_128kb_03
spn,0-0-0-0,#,#,ahora,0.0,0.33,habitanteysuesperanza_01_neruda_128kb_04
spn,0-0-1-0,#,#,bien,0.33,0.9,habitanteysuesperanza_01_neruda_128kb_04
spn,0-0-2-0,#,#,mi,0.9,1.72,habitanteysuesperanza_01_neruda_128kb_04
spn,0-0-3-0,#,#,casa,1.72,2.28,habitanteysuesperanza_01_neruda_128kb_04
e,0-0-4-0,#,#,es,2.28,2.31,habitanteysuesperanza_01_neruda_128kb_04
spn,0-0-5-0,#,#,la,2.31,2.48,habitanteysuesperanza_01_neruda_128kb_04
spn,0-0-6-0,#,#,última,2.48,2.58,habitanteysuesperanza_01_neruda_128kb_04
spn,0-0-7-0,#,#,de,2.58,2.69,habitanteysuesperanza_01_neruda_128kb_04
spn,0-0-8-0,#,#,cantalavo,2.69,3.08,habitanteysuesperanza_01_neruda_128kb_04
,0-0-9-0,#,#,,3.08,3.13,habitanteysuesperanza_01_neruda_128kb_04
i,0-0-10-0,#,#,y,3.13,3.23,habitanteysuesperanza_01_neruda_128kb_04
spn,0-0-11-0,#,#,esta,3.23,3.5,habitanteysuesperanza_01_neruda_128kb_04
spn,0-0-12-0,#,#,frente,3.5,4.12,habitanteysuesperanza_01_neruda_128kb_04
spn,0-0-13-0,#,#,al,4.12,4.25,habitanteysuesperanza_01_neruda_128kb_04
spn,0-0-14-0,#,#,mar,4.25,4.9,habitanteysuesperanza_01_neruda_128kb_04
spn,0-0-15-0,#,#,estrecitoso,4.9,5.3,habitanteysuesperanza_01_neruda_128kb_04
spn,0-0-16-0,#,#,encajó,5.3,5.44,habitanteysuesperanza_01_neruda_128kb_04
spn,0-0-17-0,#,#,nada,5.44,5.56,habitanteysuesperanza_01_neruda_128kb_04
spn,0-0-18-0,#,#,contra,5.56,6.0,habitanteysuesperanza_01_neruda_128kb_04
spn,0-0-19-0,#,#,los,6.0,6.58,habitanteysuesperanza_01_neruda_128kb_04
spn,0-0-20-0,#,#,cerros,6.58,6.986259,habitanteysuesperanza_01_neruda_128kb_04
spn,0-0-0-0,#,#,el,0.0,0.13,habitanteysuesperanza_01_neruda_128kb_05
spn,0-0-1-0,#,#,verano,0.13,0.23,habitanteysuesperanza_01_neruda_128kb_05
e,0-0-2-0,#,#,es,0.23,0.27,habitanteysuesperanza_01_neruda_128kb_05
spn,0-0-3-0,#,#,dulce,0.27,0.35,habitanteysuesperanza_01_neruda_128kb_05
spn,0-0-4-0,#,#,al,0.35,0.51,habitanteysuesperanza_01_neruda_128kb_05
spn,0-0-5-0,#,#,detargado,0.51,0.69,habitanteysuesperanza_01_neruda_128kb_05
spn,0-0-6-0,#,#,pero,0.69,1.36,habitanteysuesperanza_01_neruda_128kb_05
spn,0-0-7-0,#,#,el,1.36,1.73,habitanteysuesperanza_01_neruda_128kb_05
spn,0-0-8-0,#,#,invierno,1.73,1.87,habitanteysuesperanza_01_neruda_128kb_05
spn,0-0-9-0,#,#,surge,1.87,2.21,habitanteysuesperanza_01_neruda_128kb_05
,0-0-10-0,#,#,,2.21,2.4,habitanteysuesperanza_01_neruda_128kb_05
spn,0-0-11-0,#,#,de,2.4,2.68,habitanteysuesperanza_01_neruda_128kb_05
spn,0-0-12-0,#,#,repente,2.68,3.19,habitanteysuesperanza_01_neruda_128kb_05
spn,0-0-13-0,#,#,del,3.19,3.71,habitanteysuesperanza_01_neruda_128kb_05
spn,0-0-14-0,#,#,mar,3.71,3.91,habitanteysuesperanza_01_neruda_128kb_05
spn,0-0-15-0,#,#,como,3.91,4.38,habitanteysuesperanza_01_neruda_128kb_05
spn,0-0-16-0,#,#,una,4.38,4.65,habitanteysuesperanza_01_neruda_128kb_05
spn,0-0-17-0,#,#,red,4.65,4.86,habitanteysuesperanza_01_neruda_128kb_05
spn,0-0-18-0,#,#,de,4.86,5.1,habitanteysuesperanza_01_neruda_128kb_05
spn,0-0-19-0,#,#,siniestros,5.1,6.64,habitanteysuesperanza_01_neruda_128kb_05
,0-0-20-0,#,#,,6.64,6.95,habitanteysuesperanza_01_neruda_128kb_05
spn,0-0-21-0,#,#,pescados,6.95,7.19,habitanteysuesperanza_01_neruda_128kb_05
c,0-0-22-0,#,#,que,7.19,7.22,habitanteysuesperanza_01_neruda_128kb_05
spn,0-0-23-0,#,#,se,7.22,8.26,habitanteysuesperanza_01_neruda_128kb_05
spn,0-0-24-0,#,#,pega,8.26,8.54,habitanteysuesperanza_01_neruda_128kb_05
spn,0-0-25-0,#,#,al,8.54,9.82,habitanteysuesperanza_01_neruda_128kb_05
spn,0-0-26-0,#,#,cielo,9.82,10.11,habitanteysuesperanza_01_neruda_128kb_05
spn,0-0-27-0,#,#,amontonándose,10.11,10.6,habitanteysuesperanza_01_neruda_128kb_05
spn,0-0-28-0,#,#,saltando,10.6,10.94,habitanteysuesperanza_01_neruda_128kb_05
spn,0-0-29-0,#,#,goteando,10.94,11.47,habitanteysuesperanza_01_neruda_128kb_05
spn,0-0-30-0,#,#,lamentándose,11.47,11.896871,habitanteysuesperanza_01_neruda_128kb_05
spn,0-0-0-0,#,#,el,0.0,0.35,habitanteysuesperanza_01_neruda_128kb_06
spn,0-0-1-0,#,#,viento,0.35,1.32,habitanteysuesperanza_01_neruda_128kb_06
spn,0-0-2-0,#,#,produce,1.32,1.85,habitanteysuesperanza_01_neruda_128kb_06
spn,0-0-3-0,#,#,sus,1.85,2.25,habitanteysuesperanza_01_neruda_128kb_06
spn,0-0-4-0,#,#,estériles,2.25,2.5,habitanteysuesperanza_01_neruda_128kb_06
spn,0-0-5-0,#,#,ruidos,2.5,3.11,habitanteysuesperanza_01_neruda_128kb_06
spn,0-0-6-0,#,#,desiguales,3.11,3.3,habitanteysuesperanza_01_neruda_128kb_06
spn,0-0-7-0,#,#,según,3.3,3.74,habitanteysuesperanza_01_neruda_128kb_06
spn,0-0-8-0,#,#,corran,3.74,4.03,habitanteysuesperanza_01_neruda_128kb_06
spn,0-0-9-0,#,#,silbano,4.03,4.19,habitanteysuesperanza_01_neruda_128kb_06
e,0-0-10-0,n,#,en,4.19,4.22,habitanteysuesperanza_01_neruda_128kb_06
n,0-0-10-1,#,e,en,4.22,4.28,habitanteysuesperanza_01_neruda_128kb_06
spn,0-0-11-0,#,#,los,4.28,4.65,habitanteysuesperanza_01_neruda_128kb_06
spn,0-0-12-0,#,#,alambrados,4.65,5.22,habitanteysuesperanza_01_neruda_128kb_06
,0-0-13-0,#,#,,5.22,5.25,habitanteysuesperanza_01_neruda_128kb_06
o,0-0-14-0,#,#,o,5.25,5.34,habitanteysuesperanza_01_neruda_128kb_06
spn,0-0-15-0,#,#,de,5.34,5.53,habitanteysuesperanza_01_neruda_128kb_06
spn,0-0-16-0,#,#,envueltas,5.53,6.18,habitanteysuesperanza_01_neruda_128kb_06
spn,0-0-17-0,#,#,su,6.18,6.36,habitanteysuesperanza_01_neruda_128kb_06
spn,0-0-18-0,#,#,oscura,6.36,6.59,habitanteysuesperanza_01_neruda_128kb_06
spn,0-0-19-0,#,#,voladora,6.59,6.82,habitanteysuesperanza_01_neruda_128kb_06
spn,0-0-20-0,#,#,encima,6.82,6.97,habitanteysuesperanza_01_neruda_128kb_06
spn,0-0-21-0,#,#,de,6.97,7.51,habitanteysuesperanza_01_neruda_128kb_06
spn,0-0-22-0,#,#,los,7.51,7.62,habitanteysuesperanza_01_neruda_128kb_06
spn,0-0-23-0,#,#,caseríos,7.62,8.54,habitanteysuesperanza_01_neruda_128kb_06
,0-0-24-0,#,#,,8.54,8.57,habitanteysuesperanza_01_neruda_128kb_06
o,0-0-25-0,#,#,o,8.57,8.68,habitanteysuesperanza_01_neruda_128kb_06
spn,0-0-26-0,#,#,vengan,8.68,8.96,habitanteysuesperanza_01_neruda_128kb_06
spn,0-0-27-0,#,#,del,8.96,9.04,habitanteysuesperanza_01_neruda_128kb_06
spn,0-0-28-0,#,#,mar,9.04,10.0,habitanteysuesperanza_01_neruda_128kb_06
,0-0-29-0,#,#,,10.0,10.16,habitanteysuesperanza_01_neruda_128kb_06
o,0-0-30-0,#,#,o,10.16,10.23,habitanteysuesperanza_01_neruda_128kb_06
spn,0-0-31-0,#,#,seano,10.23,10.59,habitanteysuesperanza_01_neruda_128kb_06
spn,0-0-32-0,#,#,arrollando,10.59,10.85,habitanteysuesperanza_01_neruda_128kb_06
spn,0-0-33-0,#,#,su,10.85,11.16,habitanteysuesperanza_01_neruda_128kb_06
spn,0-0-34-0,#,#,infinito,11.16,11.28,habitanteysuesperanza_01_neruda_128kb_06
spn,0-0-35-0,#,#,cordel,11.28,11.761882,habitanteysuesperanza_01_neruda_128kb_06
,0-0-0-0,#,#,,0.0,0.03,habitanteysuesperanza_01_neruda_128kb_07
e,0-0-1-0,#,#,he,0.03,0.09,habitanteysuesperanza_01_neruda_128kb_07
spn,0-0-2-0,#,#,estado,0.09,0.6,habitanteysuesperanza_01_neruda_128kb_07
spn,0-0-3-0,#,#,muchas,0.6,1.46,habitanteysuesperanza_01_neruda_128kb_07
spn,0-0-4-0,#,#,veces,1.46,1.89,habitanteysuesperanza_01_neruda_128kb_07
spn,0-0-5-0,#,#,solo,1.89,1.96,habitanteysuesperanza_01_neruda_128kb_07
e,0-0-6-0,n,#,en,1.96,2.07,habitanteysuesperanza_01_neruda_128kb_07
n,0-0-6-1,#,e,en,2.07,2.17,habitanteysuesperanza_01_neruda_128kb_07
spn,0-0-7-0,#,#,mi,2.17,2.39,habitanteysuesperanza_01_neruda_128kb_07
spn,0-0-8-0,#,#,vivienda,2.39,2.85,habitanteysuesperanza_01_neruda_128kb_07
spn,0-0-9-0,#,#,mientras,2.85,3.0,habitanteysuesperanza_01_neruda_128kb_07
spn,0-0-10-0,#,#,el,3.0,3.56,habitanteysuesperanza_01_neruda_128kb_07
spn,0-0-11-0,#,#,temporal,3.56,3.73,habitanteysuesperanza_01_neruda_128kb_07
spn,0-0-12-0,#,#,asota,3.73,3.82,habitanteysuesperanza_01_neruda_128kb_07
spn,0-0-13-0,#,#,la,3.82,4.07,habitanteysuesperanza_01_neruda_128kb_07
spn,0-0-14-0,#,#,costa,4.07,4.32,habitanteysuesperanza_01_neruda_128kb_07
spn,0-0-0-0,#,#,estoy,0.0,0.26,habitanteysuesperanza_01_neruda_128kb_08
spn,0-0-1-0,#,#,tranquilo,0.26,0.78,habitanteysuesperanza_01_neruda_128kb_08
spn,0-0-2-0,#,#,porque,0.78,1.05,habitanteysuesperanza_01_neruda_128kb_08
spn,0-0-3-0,#,#,no,1.05,1.2,habitanteysuesperanza_01_neruda_128kb_08
spn,0-0-4-0,#,#,tengo,1.2,1.42,habitanteysuesperanza_01_neruda_128kb_08
spn,0-0-5-0,#,#,temor,1.42,1.74,habitanteysuesperanza_01_neruda_128kb_08
spn,0-0-6-0,#,#,de,1.74,1.92,habitanteysuesperanza_01_neruda_128kb_08
spn,0-0-7-0,#,#,la,1.92,2.05,habitanteysuesperanza_01_neruda_128kb_08
spn,0-0-8-0,#,#,muerte,2.05,2.66,habitanteysuesperanza_01_neruda_128kb_08
spn,0-0-9-0,#,#,ni,2.66,3.67,habitanteysuesperanza_01_neruda_128kb_08
spn,0-0-10-0,#,#,pasiones,3.67,3.93,habitanteysuesperanza_01_neruda_128kb_08
spn,0-0-11-0,#,#,pero,3.93,4.26,habitanteysuesperanza_01_neruda_128kb_08
spn,0-0-12-0,#,#,me,4.26,4.39,habitanteysuesperanza_01_neruda_128kb_08
spn,0-0-13-0,#,#,gusta,4.39,4.53,habitanteysuesperanza_01_neruda_128kb_08
spn,0-0-14-0,#,#,ver,4.53,4.65,habitanteysuesperanza_01_neruda_128kb_08
spn,0-0-15-0,#,#,la,4.65,5.66,habitanteysuesperanza_01_neruda_128kb_08
spn,0-0-16-0,#,#,mañana,5.66,6.02,habitanteysuesperanza_01_neruda_128kb_08
c,0-0-17-0,#,#,que,6.02,6.07,habitanteysuesperanza_01_neruda_128kb_08
spn,0-0-18-0,#,#,casi,6.07,6.35,habitanteysuesperanza_01_neruda_128kb_08
spn,0-0-19-0,#,#,siempre,6.35,6.4,habitanteysuesperanza_01_neruda_128kb_08
spn,0-0-20-0,#,#,surge,6.4,6.58,habitanteysuesperanza_01_neruda_128kb_08
spn,0-0-21-0,#,#,limpia,6.58,6.72,habitanteysuesperanza_01_neruda_128kb_08
i,0-0-22-0,#,#,y,6.72,6.76,habitanteysuesperanza_01_neruda_128kb_08
spn,0-0-23-0,#,#,reluciendo,6.76,7.408118,habitanteysuesperanza_01_neruda_128kb_08
spn,0-0-0-0,#,#,no,0.0,0.25,habitanteysuesperanza_01_neruda_128kb_09
e,0-0-1-0,#,#,es,0.25,0.28,habitanteysuesperanza_01_neruda_128kb_09
spn,0-0-2-0,#,#,raro,0.28,0.39,habitanteysuesperanza_01_neruda_128kb_09
c,0-0-3-0,#,#,que,0.39,0.43,habitanteysuesperanza_01_neruda_128kb_09
spn,0-0-4-0,#,#,me,0.43,0.51,habitanteysuesperanza_01_neruda_128kb_09
spn,0-0-5-0,#,#,siente,0.51,1.2,habitanteysuesperanza_01_neruda_128kb_09
spn,0-0-6-0,#,#,entonces,1.2,1.89,habitanteysuesperanza_01_neruda_128kb_09
e,0-0-7-0,n,#,en,1.89,1.92,habitanteysuesperanza_01_neruda_128kb_09
n,0-0-7-1,#,e,en,1.92,1.98,habitanteysuesperanza_01_neruda_128kb_09
u,0-0-8-0,n,#,un,1.98,2.01,habitanteysuesperanza_01_neruda_128kb_09
n,0-0-8-1,#,u,un,2.01,2.12,habitanteysuesperanza_01_neruda_128kb_09
spn,0-0-9-0,#,#,troco,2.12,2.35,habitanteysuesperanza_01_neruda_128kb_09
spn,0-0-10-0,#,#,mirando,2.35,2.77,habitanteysuesperanza_01_neruda_128kb_09
spn,0-0-11-0,#,#,hasta,2.77,3.13,habitanteysuesperanza_01_neruda_128kb_09
spn,0-0-12-0,#,#,lejos,3.13,3.7,habitanteysuesperanza_01_neruda_128kb_09
spn,0-0-13-0,#,#,el,3.7,4.2,habitanteysuesperanza_01_neruda_128kb_09
spn,0-0-14-0,#,#,agua,4.2,4.42,habitanteysuesperanza_01_neruda_128kb_09
spn,0-0-15-0,#,#,inmensa,4.42,5.4,habitanteysuesperanza_01_neruda_128kb_09
spn,0-0-16-0,#,#,oliendo,5.4,5.96,habitanteysuesperanza_01_neruda_128kb_09
spn,0-0-17-0,#,#,el,5.96,6.63,habitanteysuesperanza_01_neruda_128kb_09
spn,0-0-18-0,#,#,atmósfera,6.63,7.06,habitanteysuesperanza_01_neruda_128kb_09
spn,0-0-19-0,#,#,libre,7.06,7.51,habitanteysuesperanza_01_neruda_128kb_09
spn,0-0-20-0,#,#,mirando,7.51,7.7,habitanteysuesperanza_01_neruda_128kb_09
a,0-0-21-0,#,#,a,7.7,7.77,habitanteysuesperanza_01_neruda_128kb_09
spn,0-0-22-0,#,#,cada,7.77,7.86,habitanteysuesperanza_01_neruda_128kb_09
spn,0-0-23-0,#,#,carretta,7.86,8.19,habitanteysuesperanza_01_neruda_128kb_09
c,0-0-24-0,#,#,que,8.19,8.23,habitanteysuesperanza_01_neruda_128kb_09
spn,0-0-25-0,#,#,cruza,8.23,8.33,habitanteysuesperanza_01_neruda_128kb_09
spn,0-0-26-0,#,#,hacia,8.33,9.1,habitanteysuesperanza_01_neruda_128kb_09
spn,0-0-27-0,#,#,el,9.1,9.44,habitanteysuesperanza_01_neruda_128kb_09
spn,0-0-28-0,#,#,pueblo,9.44,10.66,habitanteysuesperanza_01_neruda_128kb_09
spn,0-0-29-0,#,#,con,10.66,11.15,habitanteysuesperanza_01_neruda_128kb_09
spn,0-0-30-0,#,#,comerciantes,11.15,11.33,habitanteysuesperanza_01_neruda_128kb_09
spn,0-0-31-0,#,#,indios,11.33,12.03,habitanteysuesperanza_01_neruda_128kb_09
i,0-0-32-0,#,#,y,12.03,12.06,habitanteysuesperanza_01_neruda_128kb_09
spn,0-0-33-0,#,#,trabajadores,12.06,12.31,habitanteysuesperanza_01_neruda_128kb_09
j,0-0-34-0,#,#,y,12.31,12.34,habitanteysuesperanza_01_neruda_128kb_09
spn,0-0-35-0,#,#,viajeros,12.34,12.77,habitanteysuesperanza_01_neruda_128kb_09
,0-0-36-0,#,#,,12.77,12.858753,habitanteysuesperanza_01_neruda_128kb_09
spn,0-0-0-0,#,#,una,0.0,0.66,habitanteysuesperanza_01_neruda_128kb_10
spn,0-0-1-0,#,#,especie,0.66,0.7,habitanteysuesperanza_01_neruda_128kb_10
spn,0-0-2-0,#,#,de,0.7,1.08,habitanteysuesperanza_01_neruda_128kb_10
spn,0-0-3-0,#,#,fuerza,1.08,1.83,habitanteysuesperanza_01_neruda_128kb_10
spn,0-0-4-0,#,#,de,1.83,1.99,habitanteysuesperanza_01_neruda_128kb_10
spn,0-0-5-0,#,#,esperanza,1.99,2.14,habitanteysuesperanza_01_neruda_128kb_10
spn,0-0-6-0,#,#,se,2.14,2.21,habitanteysuesperanza_01_neruda_128kb_10
spn,0-0-7-0,#,#,pone,2.21,2.25,habitanteysuesperanza_01_neruda_128kb_10
e,0-0-8-0,n,#,en,2.25,2.28,habitanteysuesperanza_01_neruda_128kb_10
n,0-0-8-1,#,e,en,2.28,2.31,habitanteysuesperanza_01_neruda_128kb_10
spn,0-0-9-0,#,#,mi,2.31,2.63,habitanteysuesperanza_01_neruda_128kb_10
spn,0-0-10-0,#,#,manera,2.63,3.13,habitanteysuesperanza_01_neruda_128kb_10
spn,0-0-11-0,#,#,de,3.13,3.26,habitanteysuesperanza_01_neruda_128kb_10
spn,0-0-12-0,#,#,vivir,3.26,3.49,habitanteysuesperanza_01_neruda_128kb_10
spn,0-0-13-0,#,#,aquel,3.49,3.96,habitanteysuesperanza_01_neruda_128kb_10
spn,0-0-14-0,#,#,día,3.96,4.66,habitanteysuesperanza_01_neruda_128kb_10
spn,0-0-15-0,#,#,una,4.66,4.93,habitanteysuesperanza_01_neruda_128kb_10
spn,0-0-16-0,#,#,manera,4.93,5.29,habitanteysuesperanza_01_neruda_128kb_10
spn,0-0-17-0,#,#,superior,5.29,5.77,habitanteysuesperanza_01_neruda_128kb_10
a,0-0-18-0,#,#,a,5.77,6.09,habitanteysuesperanza_01_neruda_128kb_10
,0-0-19-0,#,#,,6.09,6.12,habitanteysuesperanza_01_neruda_128kb_10
spn,0-0-20-0,#,#,la,6.12,6.91,habitanteysuesperanza_01_neruda_128kb_10
spn,0-0-21-0,#,#,indolencia,6.91,7.11,habitanteysuesperanza_01_neruda_128kb_10
spn,0-0-22-0,#,#,exactamente,7.11,7.18,habitanteysuesperanza_01_neruda_128kb_10
spn,0-0-23-0,#,#,superior,7.18,7.25,habitanteysuesperanza_01_neruda_128kb_10
a,0-0-24-0,#,#,a,7.25,7.28,habitanteysuesperanza_01_neruda_128kb_10
spn,0-0-25-0,#,#,mi,7.28,7.53,habitanteysuesperanza_01_neruda_128kb_10
spn,0-0-26-0,#,#,indolencia,7.53,8.150635,habitanteysuesperanza_01_neruda_128kb_10
spn,0-0-0-0,#,#,no,0.0,0.23,habitanteysuesperanza_01_neruda_128kb_11
e,0-0-1-0,#,#,es,0.23,0.26,habitanteysuesperanza_01_neruda_128kb_11
spn,0-0-2-0,#,#,raro,0.26,0.59,habitanteysuesperanza_01_neruda_128kb_11
c,0-0-3-0,#,#,que,0.59,0.62,habitanteysuesperanza_01_neruda_128kb_11
spn,0-0-4-0,#,#,esas,0.62,0.74,habitanteysuesperanza_01_neruda_128kb_11
spn,0-0-5-0,#,#,veces,0.74,1.39,habitanteysuesperanza_01_neruda_128kb_11
spn,0-0-6-0,#,#,vaya,1.39,1.7,habitanteysuesperanza_01_neruda_128kb_11
a,0-0-7-0,#,#,a,1.7,1.77,habitanteysuesperanza_01_neruda_128kb_11
spn,0-0-8-0,#,#,casa,1.77,2.07,habitanteysuesperanza_01_neruda_128kb_11
spn,0-0-9-0,#,#,de,2.07,2.34,habitanteysuesperanza_01_neruda_128kb_11
spn,0-0-10-0,#,#,irene,2.34,2.66,habitanteysuesperanza_01_neruda_128kb_11
,0-0-11-0,#,#,,2.66,2.733741,habitanteysuesperanza_01_neruda_128kb_11
a,0-0-0-0,#,#,a,0.0,0.03,habitanteysuesperanza_01_neruda_128kb_12
spn,0-0-1-0,#,#,través,0.03,0.12,habitanteysuesperanza_01_neruda_128kb_12
o,0-0-2-0,#,#,o,0.12,0.15,habitanteysuesperanza_01_neruda_128kb_12
spn,0-0-3-0,#,#,ese,0.15,0.25,habitanteysuesperanza_01_neruda_128kb_12
spn,0-0-4-0,#,#,recinto,0.25,1.06,habitanteysuesperanza_01_neruda_128kb_12
spn,0-0-5-0,#,#,valdío,1.06,1.12,habitanteysuesperanza_01_neruda_128kb_12
c,0-0-6-0,#,#,que,1.12,1.15,habitanteysuesperanza_01_neruda_128kb_12
spn,0-0-7-0,#,#,me,1.15,1.39,habitanteysuesperanza_01_neruda_128kb_12
spn,0-0-8-0,#,#,separa,1.39,1.65,habitanteysuesperanza_01_neruda_128kb_12
spn,0-0-9-0,#,#,del,1.65,1.99,habitanteysuesperanza_01_neruda_128kb_12
spn,0-0-10-0,#,#,pueblo,1.99,2.26,habitanteysuesperanza_01_neruda_128kb_12
spn,0-0-11-0,#,#,cosa,2.26,2.41,habitanteysuesperanza_01_neruda_128kb_12
spn,0-0-12-0,#,#,de,2.41,3.15,habitanteysuesperanza_01_neruda_128kb_12
spn,0-0-13-0,#,#,una,3.15,3.43,habitanteysuesperanza_01_neruda_128kb_12
spn,0-0-14-0,#,#,legua,3.43,3.94,habitanteysuesperanza_01_neruda_128kb_12
spn,0-0-15-0,#,#,sigo,3.94,4.22,habitanteysuesperanza_01_neruda_128kb_12
,0-0-16-0,#,#,,4.22,4.55,habitanteysuesperanza_01_neruda_128kb_12
spn,0-0-17-0,#,#,por,4.55,4.74,habitanteysuesperanza_01_neruda_128kb_12
spn,0-0-18-0,#,#,las,4.74,5.77,habitanteysuesperanza_01_neruda_128kb_12
spn,0-0-19-0,#,#,calles,5.77,6.03,habitanteysuesperanza_01_neruda_128kb_12
spn,0-0-20-0,#,#,deshabitadas,6.03,6.32,habitanteysuesperanza_01_neruda_128kb_12
,0-0-21-0,#,#,,6.32,6.56,habitanteysuesperanza_01_neruda_128kb_12
i,0-0-22-0,#,#,y,6.56,6.64,habitanteysuesperanza_01_neruda_128kb_12
spn,0-0-23-0,#,#,me,6.64,7.07,habitanteysuesperanza_01_neruda_128kb_12
spn,0-0-24-0,#,#,detengo,7.07,7.45,habitanteysuesperanza_01_neruda_128kb_12
spn,0-0-25-0,#,#,frente,7.45,7.7,habitanteysuesperanza_01_neruda_128kb_12
spn,0-0-26-0,#,#,al,7.7,7.89,habitanteysuesperanza_01_neruda_128kb_12
spn,0-0-27-0,#,#,portón,7.89,8.1,habitanteysuesperanza_01_neruda_128kb_12
spn,0-0-28-0,#,#,de,8.1,8.31,habitanteysuesperanza_01_neruda_128kb_12
spn,0-0-29-0,#,#,su,8.31,8.92,habitanteysuesperanza_01_neruda_128kb_12
spn,0-0-30-0,#,#,casa,8.92,9.58,habitanteysuesperanza_01_neruda_128kb_12
spn,0-0-31-0,#,#,donde,9.58,9.75,habitanteysuesperanza_01_neruda_128kb_12
spn,0-0-32-0,#,#,la,9.75,10.01,habitanteysuesperanza_01_neruda_128kb_12
spn,0-0-33-0,#,#,espero,10.01,10.31,habitanteysuesperanza_01_neruda_128kb_12
spn,0-0-34-0,#,#,aparecer,10.31,10.428753,habitanteysuesperanza_01_neruda_128kb_12
spn,0-0-0-0,#,#,si,0.0,0.56,habitanteysuesperanza_01_neruda_128kb_13
spn,0-0-1-0,#,#,está,0.56,0.85,habitanteysuesperanza_01_neruda_128kb_13
spn,0-0-2-0,#,#,lavándome,0.85,1.03,habitanteysuesperanza_01_neruda_128kb_13
spn,0-0-3-0,#,#,gusta,1.03,1.35,habitanteysuesperanza_01_neruda_128kb_13
spn,0-0-4-0,#,#,ver,1.35,1.75,habitanteysuesperanza_01_neruda_128kb_13
spn,0-0-5-0,#,#,sus,1.75,2.0,habitanteysuesperanza_01_neruda_128kb_13
spn,0-0-6-0,#,#,manos,2.0,2.13,habitanteysuesperanza_01_neruda_128kb_13
c,0-0-7-0,#,#,que,2.13,2.21,habitanteysuesperanza_01_neruda_128kb_13
spn,0-0-8-0,#,#,se,2.21,2.63,habitanteysuesperanza_01_neruda_128kb_13
spn,0-0-9-0,#,#,asulan,2.63,2.82,habitanteysuesperanza_01_neruda_128kb_13
spn,0-0-10-0,#,#,con,2.82,3.08,habitanteysuesperanza_01_neruda_128kb_13
spn,0-0-11-0,#,#,el,3.08,3.28,habitanteysuesperanza_01_neruda_128kb_13
spn,0-0-12-0,#,#,agua,3.28,3.74,habitanteysuesperanza_01_neruda_128kb_13
,0-0-13-0,#,#,,3.74,4.09,habitanteysuesperanza_01_neruda_128kb_13
spn,0-0-14-0,#,#,fría,4.09,4.71,habitanteysuesperanza_01_neruda_128kb_13
spn,0-0-15-0,#,#,si,4.71,4.74,habitanteysuesperanza_01_neruda_128kb_13
spn,0-0-16-0,#,#,está,4.74,4.82,habitanteysuesperanza_01_neruda_128kb_13
spn,0-0-17-0,#,#,entre,4.82,4.95,habitanteysuesperanza_01_neruda_128kb_13
spn,0-0-18-0,#,#,la,4.95,5.12,habitanteysuesperanza_01_neruda_128kb_13
spn,0-0-19-0,#,#,huerta,5.12,5.38,habitanteysuesperanza_01_neruda_128kb_13
,0-0-20-0,#,#,,5.38,5.56,habitanteysuesperanza_01_neruda_128kb_13
spn,0-0-21-0,#,#,me,5.56,6.0,habitanteysuesperanza_01_neruda_128kb_13
spn,0-0-22-0,#,#,gusta,6.0,6.28,habitanteysuesperanza_01_neruda_128kb_13
spn,0-0-23-0,#,#,ver,6.28,6.4,habitanteysuesperanza_01_neruda_128kb_13
spn,0-0-24-0,#,#,su,6.4,6.79,habitanteysuesperanza_01_neruda_128kb_13
spn,0-0-25-0,#,#,cabeza,6.79,6.95,habitanteysuesperanza_01_neruda_128kb_13
spn,0-0-26-0,#,#,entre,6.95,7.36,habitanteysuesperanza_01_neruda_128kb_13
spn,0-0-27-0,#,#,las,7.36,7.75,habitanteysuesperanza_01_neruda_128kb_13
spn,0-0-28-0,#,#,pesadas,7.75,8.41,habitanteysuesperanza_01_neruda_128kb_13
spn,0-0-29-0,#,#,flores,8.41,8.8,habitanteysuesperanza_01_neruda_128kb_13
,0-0-30-0,#,#,,8.8,9.11,habitanteysuesperanza_01_neruda_128kb_13
spn,0-0-31-0,#,#,del,9.11,9.39,habitanteysuesperanza_01_neruda_128kb_13
spn,0-0-32-0,#,#,girasol,9.39,9.87,habitanteysuesperanza_01_neruda_128kb_13
,0-0-33-0,#,#,,9.87,10.01,habitanteysuesperanza_01_neruda_128kb_13
spn,0-0-34-0,#,#,si,10.01,10.32,habitanteysuesperanza_01_neruda_128kb_13
spn,0-0-35-0,#,#,no,10.32,10.39,habitanteysuesperanza_01_neruda_128kb_13
spn,0-0-36-0,#,#,está,10.39,10.52,habitanteysuesperanza_01_neruda_128kb_13
spn,0-0-37-0,#,#,me,10.52,10.58,habitanteysuesperanza_01_neruda_128kb_13
spn,0-0-38-0,#,#,gusta,10.58,10.91,habitanteysuesperanza_01_neruda_128kb_13
spn,0-0-39-0,#,#,ver,10.91,11.01,habitanteysuesperanza_01_neruda_128kb_13
spn,0-0-40-0,#,#,vacío,11.01,11.13,habitanteysuesperanza_01_neruda_128kb_13
spn,0-0-41-0,#,#,el,11.13,11.31,habitanteysuesperanza_01_neruda_128kb_13
spn,0-0-42-0,#,#,patio,11.31,11.45,habitanteysuesperanza_01_neruda_128kb_13
i,0-0-43-0,#,#,y,11.45,11.48,habitanteysuesperanza_01_neruda_128kb_13
spn,0-0-44-0,#,#,la,11.48,11.6,habitanteysuesperanza_01_neruda_128kb_13
spn,0-0-45-0,#,#,huerta,11.6,12.08,habitanteysuesperanza_01_neruda_128kb_13
,0-0-46-0,#,#,,12.08,12.31,habitanteysuesperanza_01_neruda_128kb_13
i,0-0-47-0,#,#,y,12.31,12.39,habitanteysuesperanza_01_neruda_128kb_13
spn,0-0-48-0,#,#,la,12.39,13.46,habitanteysuesperanza_01_neruda_128kb_13
spn,0-0-49-0,#,#,espero,13.46,13.55,habitanteysuesperanza_01_neruda_128kb_13
spn,0-0-50-0,#,#,sin,13.55,13.68,habitanteysuesperanza_01_neruda_128kb_13
spn,0-0-51-0,#,#,desear,13.68,13.89,habitanteysuesperanza_01_neruda_128kb_13
c,0-0-52-0,#,#,que,13.89,13.92,habitanteysuesperanza_01_neruda_128kb_13
spn,0-0-53-0,#,#,llegue,13.92,14.158118,habitanteysuesperanza_01_neruda_128kb_13
spn,0-0-0-0,#,#,two,0.0,0.51,habitanteysuesperanza_01_neruda_128kb_14
,0-0-1-0,#,#,,0.51,0.556871,habitanteysuesperanza_01_neruda_128kb_14
,0-0-0-0,#,#,,0.0,0.06,habitanteysuesperanza_01_neruda_128kb_15
spn,0-0-1-0,#,#,irene,0.06,0.59,habitanteysuesperanza_01_neruda_128kb_15
e,0-0-2-0,#,#,es,0.59,0.62,habitanteysuesperanza_01_neruda_128kb_15
spn,0-0-3-0,#,#,gruesa,0.62,1.24,habitanteysuesperanza_01_neruda_128kb_15
spn,0-0-4-0,#,#,rubia,1.24,1.96,habitanteysuesperanza_01_neruda_128kb_15
spn,0-0-5-0,#,#,habladora,1.96,2.39,habitanteysuesperanza_01_neruda_128kb_15
spn,0-0-6-0,#,#,por,2.39,2.79,habitanteysuesperanza_01_neruda_128kb_15
spn,0-0-7-0,#,#,eso,2.79,3.44,habitanteysuesperanza_01_neruda_128kb_15
spn,0-0-8-0,#,#,me,3.44,4.74,habitanteysuesperanza_01_neruda_128kb_15
e,0-0-9-0,#,#,he,4.74,4.88,habitanteysuesperanza_01_neruda_128kb_15
spn,0-0-10-0,#,#,formado,4.88,4.95,habitanteysuesperanza_01_neruda_128kb_15
spn,0-0-11-0,#,#,el,4.95,4.98,habitanteysuesperanza_01_neruda_128kb_15
spn,0-0-12-0,#,#,propósito,4.98,5.04,habitanteysuesperanza_01_neruda_128kb_15
spn,0-0-13-0,#,#,de,5.04,5.17,habitanteysuesperanza_01_neruda_128kb_15
spn,0-0-14-0,#,#,venirme,5.17,5.23,habitanteysuesperanza_01_neruda_128kb_15
spn,0-0-15-0,#,#,al,5.23,5.29,habitanteysuesperanza_01_neruda_128kb_15
spn,0-0-16-0,#,#,pueblo,5.29,5.534989,habitanteysuesperanza_01_neruda_128kb_15
spn,0-0-0-0,#,#,la,0.0,0.19,habitanteysuesperanza_01_neruda_128kb_16
spn,0-0-1-0,#,#,va,0.19,0.6,habitanteysuesperanza_01_neruda_128kb_16
spn,0-0-2-0,#,#,canta,0.6,1.24,habitanteysuesperanza_01_neruda_128kb_16
,0-0-3-0,#,#,,1.24,1.29,habitanteysuesperanza_01_neruda_128kb_16
e,0-0-4-0,#,#,es,1.29,1.32,habitanteysuesperanza_01_neruda_128kb_16
spn,0-0-5-0,#,#,ágil,1.32,1.6,habitanteysuesperanza_01_neruda_128kb_16
spn,0-0-6-0,#,#,rápida,1.6,2.1,habitanteysuesperanza_01_neruda_128kb_16
spn,0-0-7-0,#,#,grabatea,2.1,2.37,habitanteysuesperanza_01_neruda_128kb_16
spn,0-0-8-0,#,#,los,2.37,2.87,habitanteysuesperanza_01_neruda_128kb_16
spn,0-0-9-0,#,#,papeles,2.87,3.13,habitanteysuesperanza_01_neruda_128kb_16
spn,0-0-10-0,#,#,con,3.13,3.7,habitanteysuesperanza_01_neruda_128kb_16
spn,0-0-11-0,#,#,monos,3.7,4.24,habitanteysuesperanza_01_neruda_128kb_16
spn,0-0-12-0,#,#,sin,4.24,4.49,habitanteysuesperanza_01_neruda_128kb_16
spn,0-0-13-0,#,#,perosímeles,4.49,4.83,habitanteysuesperanza_01_neruda_128kb_16
e,0-0-14-0,n,#,en,4.83,4.86,habitanteysuesperanza_01_neruda_128kb_16
n,0-0-14-1,#,e,en,4.86,4.92,habitanteysuesperanza_01_neruda_128kb_16
spn,0-0-15-0,#,#,realidad,4.92,5.96,habitanteysuesperanza_01_neruda_128kb_16
spn,0-0-16-0,#,#,la,5.96,6.69,habitanteysuesperanza_01_neruda_128kb_16
spn,0-0-17-0,#,#,vida,6.69,7.41,habitanteysuesperanza_01_neruda_128kb_16
spn,0-0-18-0,#,#,sería,7.41,7.67,habitanteysuesperanza_01_neruda_128kb_16
spn,0-0-19-0,#,#,divertida,7.67,8.083129,habitanteysuesperanza_01_neruda_128kb_16
spn,0-0-0-0,#,#,no,0.0,0.42,habitanteysuesperanza_01_neruda_128kb_17
spn,0-0-1-0,#,#,me,0.42,1.09,habitanteysuesperanza_01_neruda_128kb_17
spn,0-0-2-0,#,#,saluda,1.09,1.37,habitanteysuesperanza_01_neruda_128kb_17
spn,0-0-3-0,#,#,desde,1.37,1.64,habitanteysuesperanza_01_neruda_128kb_17
spn,0-0-4-0,#,#,lejos,1.64,1.77,habitanteysuesperanza_01_neruda_128kb_17
a,0-0-5-0,#,#,a,1.77,1.8,habitanteysuesperanza_01_neruda_128kb_17
spn,0-0-6-0,#,#,la,1.8,2.09,habitanteysuesperanza_01_neruda_128kb_17
,0-0-7-0,#,#,,2.09,2.3,habitanteysuesperanza_01_neruda_128kb_17
spn,0-0-8-0,#,#,cercarse,2.3,2.73,habitanteysuesperanza_01_neruda_128kb_17
spn,0-0-9-0,#,#,pero,2.73,2.95,habitanteysuesperanza_01_neruda_128kb_17
spn,0-0-10-0,#,#,yo,2.95,3.14,habitanteysuesperanza_01_neruda_128kb_17
spn,0-0-11-0,#,#,me,3.14,3.2,habitanteysuesperanza_01_neruda_128kb_17
spn,0-0-12-0,#,#,pongo,3.2,3.41,habitanteysuesperanza_01_neruda_128kb_17
spn,0-0-13-0,#,#,entre,3.41,3.71,habitanteysuesperanza_01_neruda_128kb_17
spn,0-0-14-0,#,#,ella,3.71,3.81,habitanteysuesperanza_01_neruda_128kb_17
i,0-0-15-0,#,#,y,3.81,3.85,habitanteysuesperanza_01_neruda_128kb_17
spn,0-0-16-0,#,#,yo,3.85,4.13,habitanteysuesperanza_01_neruda_128kb_17
,0-0-17-0,#,#,,4.13,4.44,habitanteysuesperanza_01_neruda_128kb_17
spn,0-0-18-0,#,#,para,4.44,4.66,habitanteysuesperanza_01_neruda_128kb_17
spn,0-0-19-0,#,#,recoger,4.66,5.02,habitanteysuesperanza_01_neruda_128kb_17
spn,0-0-20-0,#,#,su,5.02,5.2,habitanteysuesperanza_01_neruda_128kb_17
spn,0-0-21-0,#,#,primer,5.2,5.33,habitanteysuesperanza_01_neruda_128kb_17
spn,0-0-22-0,#,#,beso,5.33,5.44,habitanteysuesperanza_01_neruda_128kb_17
spn,0-0-23-0,#,#,antes,5.44,5.9,habitanteysuesperanza_01_neruda_128kb_17
spn,0-0-24-0,#,#,de,5.9,6.39,habitanteysuesperanza_01_neruda_128kb_17
c,0-0-25-0,#,#,que,6.39,6.45,habitanteysuesperanza_01_neruda_128kb_17
spn,0-0-26-0,#,#,arriesbale,6.45,6.69,habitanteysuesperanza_01_neruda_128kb_17
spn,0-0-27-0,#,#,de,6.69,7.04,habitanteysuesperanza_01_neruda_128kb_17
spn,0-0-28-0,#,#,su,7.04,7.42,habitanteysuesperanza_01_neruda_128kb_17
spn,0-0-29-0,#,#,rostro,7.42,7.678118,habitanteysuesperanza_01_neruda_128kb_17
spn,0-0-0-0,#,#,esperate,0.0,0.44,habitanteysuesperanza_01_neruda_128kb_18
spn,0-0-1-0,#,#,le,0.44,0.61,habitanteysuesperanza_01_neruda_128kb_18
spn,0-0-2-0,#,#,digo,0.61,0.9,habitanteysuesperanza_01_neruda_128kb_18
spn,0-0-3-0,#,#,abrazándola,0.9,1.15,habitanteysuesperanza_01_neruda_128kb_18
spn,0-0-4-0,#,#,no,1.15,1.62,habitanteysuesperanza_01_neruda_128kb_18
spn,0-0-5-0,#,#,te,1.62,1.77,habitanteysuesperanza_01_neruda_128kb_18
a,0-0-6-0,#,#,has,1.77,1.93,habitanteysuesperanza_01_neruda_128kb_18
,0-0-7-0,#,#,,1.93,2.36,habitanteysuesperanza_01_neruda_128kb_18
spn,0-0-8-0,#,#,acordado,2.36,2.5,habitanteysuesperanza_01_neruda_128kb_18
spn,0-0-9-0,#,#,de,2.5,2.92,habitanteysuesperanza_01_neruda_128kb_18
spn,0-0-10-0,#,#,bien,2.92,4.18,habitanteysuesperanza_01_neruda_128kb_18
spn,0-0-11-0,#,#,estos,4.18,4.38,habitanteysuesperanza_01_neruda_128kb_18
spn,0-0-12-0,#,#,largos,4.38,4.9,habitanteysuesperanza_01_neruda_128kb_18
,0-0-13-0,#,#,,4.9,5.24,habitanteysuesperanza_01_neruda_128kb_18
spn,0-0-14-0,#,#,días,5.24,5.46,habitanteysuesperanza_01_neruda_128kb_18
spn,0-0-15-0,#,#,para,5.46,5.64,habitanteysuesperanza_01_neruda_128kb_18
spn,0-0-16-0,#,#,qué,5.64,5.93,habitanteysuesperanza_01_neruda_128kb_18
spn,0-0-17-0,#,#,podía,5.93,6.17,habitanteysuesperanza_01_neruda_128kb_18
spn,0-0-18-0,#,#,venir,6.17,6.361882,habitanteysuesperanza_01_neruda_128kb_18
spn,0-0-0-0,#,#,ella,0.0,0.56,habitanteysuesperanza_01_neruda_128kb_19
spn,0-0-1-0,#,#,no,0.56,1.18,habitanteysuesperanza_01_neruda_128kb_19
spn,0-0-2-0,#,#,me,1.18,1.63,habitanteysuesperanza_01_neruda_128kb_19
spn,0-0-3-0,#,#,oye,1.63,1.87,habitanteysuesperanza_01_neruda_128kb_19
spn,0-0-4-0,#,#,siquiera,1.87,2.25,habitanteysuesperanza_01_neruda_128kb_19
spn,0-0-5-0,#,#,me,2.25,2.41,habitanteysuesperanza_01_neruda_128kb_19
spn,0-0-6-0,#,#,arrastra,2.41,2.9,habitanteysuesperanza_01_neruda_128kb_19
spn,0-0-7-0,#,#,de,2.9,3.06,habitanteysuesperanza_01_neruda_128kb_19
spn,0-0-8-0,#,#,prisa,3.06,3.18,habitanteysuesperanza_01_neruda_128kb_19
a,0-0-9-0,#,#,a,3.18,3.21,habitanteysuesperanza_01_neruda_128kb_19
spn,0-0-10-0,#,#,contarle,3.21,3.26,habitanteysuesperanza_01_neruda_128kb_19
spn,0-0-11-0,#,#,mis,3.26,3.82,habitanteysuesperanza_01_neruda_128kb_19
spn,0-0-12-0,#,#,historias,3.82,4.235624,habitanteysuesperanza_01_neruda_128kb_19
spn,0-0-0-0,#,#,me,0.0,0.35,habitanteysuesperanza_01_neruda_128kb_20
spn,0-0-1-0,#,#,siento,0.35,0.66,habitanteysuesperanza_01_neruda_128kb_20
spn,0-0-2-0,#,#,alegre,0.66,0.95,habitanteysuesperanza_01_neruda_128kb_20
spn,0-0-3-0,#,#,al,0.95,1.72,habitanteysuesperanza_01_neruda_128kb_20
spn,0-0-4-0,#,#,lado,1.72,2.13,habitanteysuesperanza_01_neruda_128kb_20
spn,0-0-5-0,#,#,suyo,2.13,2.21,habitanteysuesperanza_01_neruda_128kb_20
spn,0-0-6-0,#,#,invadíéndome,2.21,2.73,habitanteysuesperanza_01_neruda_128kb_20
spn,0-0-7-0,#,#,su,2.73,2.82,habitanteysuesperanza_01_neruda_128kb_20
spn,0-0-8-0,#,#,salud,2.82,3.02,habitanteysuesperanza_01_neruda_128kb_20
spn,0-0-9-0,#,#,de,3.02,3.62,habitanteysuesperanza_01_neruda_128kb_20
spn,0-0-10-0,#,#,piedra,3.62,3.68,habitanteysuesperanza_01_neruda_128kb_20
spn,0-0-11-0,#,#,de,3.68,3.84,habitanteysuesperanza_01_neruda_128kb_20
spn,0-0-12-0,#,#,arroyo,3.84,4.100635,habitanteysuesperanza_01_neruda_128kb_20
spn,0-0-0-0,#,#,pres,0.0,0.506259,habitanteysuesperanza_01_neruda_128kb_21
spn,0-0-0-0,#,#,los,0.0,0.17,habitanteysuesperanza_01_neruda_128kb_22
spn,0-0-1-0,#,#,cuatro,0.17,0.32,habitanteysuesperanza_01_neruda_128kb_22
spn,0-0-2-0,#,#,caballos,0.32,0.78,habitanteysuesperanza_01_neruda_128kb_22
spn,0-0-3-0,#,#,son,0.78,0.94,habitanteysuesperanza_01_neruda_128kb_22
spn,0-0-4-0,#,#,negros,0.94,1.3,habitanteysuesperanza_01_neruda_128kb_22
spn,0-0-5-0,#,#,con,1.3,1.51,habitanteysuesperanza_01_neruda_128kb_22
spn,0-0-6-0,#,#,la,1.51,1.96,habitanteysuesperanza_01_neruda_128kb_22
spn,0-0-7-0,#,#,luz,1.96,2.14,habitanteysuesperanza_01_neruda_128kb_22
spn,0-0-8-0,#,#,nocturna,2.14,2.55,habitanteysuesperanza_01_neruda_128kb_22
,0-0-9-0,#,#,,2.55,2.76,habitanteysuesperanza_01_neruda_128kb_22
i,0-0-10-0,#,#,y,2.76,2.87,habitanteysuesperanza_01_neruda_128kb_22
spn,0-0-11-0,#,#,descansan,2.87,2.9,habitanteysuesperanza_01_neruda_128kb_22
spn,0-0-12-0,#,#,echados,2.9,3.61,habitanteysuesperanza_01_neruda_128kb_22
a,0-0-13-0,#,#,a,3.61,3.64,habitanteysuesperanza_01_neruda_128kb_22
spn,0-0-14-0,#,#,la,3.64,3.96,habitanteysuesperanza_01_neruda_128kb_22
spn,0-0-15-0,#,#,orilla,3.96,4.1,habitanteysuesperanza_01_neruda_128kb_22
spn,0-0-16-0,#,#,del,4.1,4.4,habitanteysuesperanza_01_neruda_128kb_22
spn,0-0-17-0,#,#,agua,4.4,4.66,habitanteysuesperanza_01_neruda_128kb_22
spn,0-0-18-0,#,#,como,4.66,5.1,habitanteysuesperanza_01_neruda_128kb_22
spn,0-0-19-0,#,#,los,5.1,5.32,habitanteysuesperanza_01_neruda_128kb_22
spn,0-0-20-0,#,#,países,5.32,5.92,habitanteysuesperanza_01_neruda_128kb_22
e,0-0-21-0,n,#,en,5.92,5.95,habitanteysuesperanza_01_neruda_128kb_22
n,0-0-21-1,#,e,en,5.95,6.01,habitanteysuesperanza_01_neruda_128kb_22
spn,0-0-22-0,#,#,el,6.01,6.06,habitanteysuesperanza_01_neruda_128kb_22
spn,0-0-23-0,#,#,mapa,6.06,6.48,habitanteysuesperanza_01_neruda_128kb_22
,0-0-0-0,#,#,,0.0,0.07,habitanteysuesperanza_01_neruda_128kb_23
spn,0-0-1-0,#,#,rivas,0.07,0.5,habitanteysuesperanza_01_neruda_128kb_23
i,0-0-2-0,#,#,y,0.5,0.53,habitanteysuesperanza_01_neruda_128kb_23
spn,0-0-3-0,#,#,yo,0.53,0.92,habitanteysuesperanza_01_neruda_128kb_23
spn,0-0-4-0,#,#,nos,0.92,1.08,habitanteysuesperanza_01_neruda_128kb_23
spn,0-0-5-0,#,#,juntamos,1.08,1.45,habitanteysuesperanza_01_neruda_128kb_23
e,0-0-6-0,n,#,en,1.45,1.48,habitanteysuesperanza_01_neruda_128kb_23
n,0-0-6-1,#,e,en,1.48,1.52,habitanteysuesperanza_01_neruda_128kb_23
spn,0-0-7-0,#,#,el,1.52,1.58,habitanteysuesperanza_01_neruda_128kb_23
spn,0-0-8-0,#,#,roble,1.58,2.18,habitanteysuesperanza_01_neruda_128kb_23
spn,0-0-9-0,#,#,guacho,2.18,2.39,habitanteysuesperanza_01_neruda_128kb_23
,0-0-10-0,#,#,,2.39,2.69,habitanteysuesperanza_01_neruda_128kb_23
i,0-0-11-0,#,#,y,2.69,2.8,habitanteysuesperanza_01_neruda_128kb_23
spn,0-0-12-0,#,#,echamos,2.8,3.57,habitanteysuesperanza_01_neruda_128kb_23
a,0-0-13-0,#,#,a,3.57,3.6,habitanteysuesperanza_01_neruda_128kb_23
spn,0-0-14-0,#,#,andar,3.6,3.7,habitanteysuesperanza_01_neruda_128kb_23
a,0-0-15-0,#,#,a,3.7,3.73,habitanteysuesperanza_01_neruda_128kb_23
spn,0-0-16-0,#,#,pie,3.73,3.95,habitanteysuesperanza_01_neruda_128kb_23
spn,0-0-17-0,#,#,sin,3.95,4.5,habitanteysuesperanza_01_neruda_128kb_23
spn,0-0-18-0,#,#,hablar,4.5,4.657506,habitanteysuesperanza_01_neruda_128kb_23
spn,0-0-0-0,#,#,ladrán,0.0,0.26,habitanteysuesperanza_01_neruda_128kb_24
spn,0-0-1-0,#,#,los,0.26,0.71,habitanteysuesperanza_01_neruda_128kb_24
spn,0-0-2-0,#,#,perros,0.71,1.06,habitanteysuesperanza_01_neruda_128kb_24
,0-0-3-0,#,#,,1.06,1.13,habitanteysuesperanza_01_neruda_128kb_24
a,0-0-4-0,#,#,a,1.13,1.2,habitanteysuesperanza_01_neruda_128kb_24
spn,0-0-5-0,#,#,billares,1.2,1.8,habitanteysuesperanza_01_neruda_128kb_24
spn,0-0-6-0,#,#,lejos,1.8,2.25,habitanteysuesperanza_01_neruda_128kb_24
,0-0-7-0,#,#,,2.25,2.48,habitanteysuesperanza_01_neruda_128kb_24
e,0-0-8-0,n,#,en,2.48,2.55,habitanteysuesperanza_01_neruda_128kb_24
n,0-0-8-1,#,e,en,2.55,2.59,habitanteysuesperanza_01_neruda_128kb_24
spn,0-0-9-0,#,#,todas,2.59,2.9,habitanteysuesperanza_01_neruda_128kb_24
spn,0-0-10-0,#,#,partes,2.9,3.57,habitanteysuesperanza_01_neruda_128kb_24
,0-0-11-0,#,#,,3.57,3.66,habitanteysuesperanza_01_neruda_128kb_24
i,0-0-12-0,#,#,y,3.66,3.8,habitanteysuesperanza_01_neruda_128kb_24
u,0-0-13-0,n,#,un,3.8,3.88,habitanteysuesperanza_01_neruda_128kb_24
n,0-0-13-1,#,u,un,3.88,3.95,habitanteysuesperanza_01_neruda_128kb_24
spn,0-0-14-0,#,#,bajo,3.95,4.13,habitanteysuesperanza_01_neruda_128kb_24
spn,0-0-15-0,#,#,blanco,4.13,4.42,habitanteysuesperanza_01_neruda_128kb_24
spn,0-0-16-0,#,#,emana,4.42,4.81,habitanteysuesperanza_01_neruda_128kb_24
spn,0-0-17-0,#,#,de,4.81,5.62,habitanteysuesperanza_01_neruda_128kb_24
spn,0-0-18-0,#,#,las,5.62,5.93,habitanteysuesperanza_01_neruda_128kb_24
spn,0-0-19-0,#,#,calladas,5.93,6.22,habitanteysuesperanza_01_neruda_128kb_24
spn,0-0-20-0,#,#,florsos,6.22,6.463129,habitanteysuesperanza_01_neruda_128kb_24
spn,0-0-0-0,#,#,serán,0.0,0.59,habitanteysuesperanza_01_neruda_128kb_25
spn,0-0-1-0,#,#,las,0.59,1.0,habitanteysuesperanza_01_neruda_128kb_25
,0-0-2-0,#,#,,1.0,1.28,habitanteysuesperanza_01_neruda_128kb_25
spn,0-0-3-0,#,#,tres,1.28,1.41,habitanteysuesperanza_01_neruda_128kb_25
spn,0-0-4-0,#,#,deben,1.41,1.77,habitanteysuesperanza_01_neruda_128kb_25
spn,0-0-5-0,#,#,ser,1.77,1.974376,habitanteysuesperanza_01_neruda_128kb_25
,0-0-0-0,#,#,,0.0,0.04,habitanteysuesperanza_01_neruda_128kb_26
e,0-0-1-0,#,#,he,0.04,0.14,habitanteysuesperanza_01_neruda_128kb_26
spn,0-0-2-0,#,#,dado,0.14,0.42,habitanteysuesperanza_01_neruda_128kb_26
spn,0-0-3-0,#,#,el,0.42,0.73,habitanteysuesperanza_01_neruda_128kb_26
spn,0-0-4-0,#,#,salto,0.73,1.05,habitanteysuesperanza_01_neruda_128kb_26
,0-0-5-0,#,#,,1.05,1.28,habitanteysuesperanza_01_neruda_128kb_26
i,0-0-6-0,#,#,y,1.28,1.36,habitanteysuesperanza_01_neruda_128kb_26
spn,0-0-7-0,#,#,con,1.36,1.73,habitanteysuesperanza_01_neruda_128kb_26
spn,0-0-8-0,#,#,amortiguados,1.73,1.95,habitanteysuesperanza_01_neruda_128kb_26
spn,0-0-9-0,#,#,movimientos,1.95,2.18,habitanteysuesperanza_01_neruda_128kb_26
spn,0-0-10-0,#,#,suelto,2.18,3.06,habitanteysuesperanza_01_neruda_128kb_26
spn,0-0-11-0,#,#,las,3.06,3.18,habitanteysuesperanza_01_neruda_128kb_26
spn,0-0-12-0,#,#,trancas,3.18,4.083741,habitanteysuesperanza_01_neruda_128kb_26
spn,0-0-0-0,#,#,el,0.0,0.17,habitanteysuesperanza_01_neruda_128kb_27
spn,0-0-1-0,#,#,piño,0.17,0.74,habitanteysuesperanza_01_neruda_128kb_27
spn,0-0-2-0,#,#,se,0.74,0.97,habitanteysuesperanza_01_neruda_128kb_27
spn,0-0-3-0,#,#,levanta,0.97,1.49,habitanteysuesperanza_01_neruda_128kb_27
i,0-0-4-0,#,#,y,1.49,1.52,habitanteysuesperanza_01_neruda_128kb_27
spn,0-0-5-0,#,#,sale,1.52,1.72,habitanteysuesperanza_01_neruda_128kb_27
spn,0-0-6-0,#,#,con,1.72,1.81,habitanteysuesperanza_01_neruda_128kb_27
spn,0-0-7-0,#,#,lentitud,1.81,2.311882,habitanteysuesperanza_01_neruda_128kb_27
,0-0-0-0,#,#,,0.0,0.07,habitanteysuesperanza_01_neruda_128kb_28
spn,0-0-1-0,#,#,las,0.07,1.44,habitanteysuesperanza_01_neruda_128kb_28
spn,0-0-2-0,#,#,colguillas,1.44,2.04,habitanteysuesperanza_01_neruda_128kb_28
spn,0-0-3-0,#,#,resuenan,2.04,2.2,habitanteysuesperanza_01_neruda_128kb_28
spn,0-0-4-0,#,#,profundamente,2.2,2.69,habitanteysuesperanza_01_neruda_128kb_28
spn,0-0-5-0,#,#,con,2.69,3.37,habitanteysuesperanza_01_neruda_128kb_28
spn,0-0-6-0,#,#,su,3.37,3.58,habitanteysuesperanza_01_neruda_128kb_28
spn,0-0-7-0,#,#,interferencia,3.58,3.75,habitanteysuesperanza_01_neruda_128kb_28
spn,0-0-8-0,#,#,redoblada,3.75,4.02,habitanteysuesperanza_01_neruda_128kb_28
spn,0-0-9-0,#,#,metálica,4.02,4.79,habitanteysuesperanza_01_neruda_128kb_28
spn,0-0-10-0,#,#,fatal,4.79,5.248118,habitanteysuesperanza_01_neruda_128kb_28
spn,0-0-0-0,#,#,robar,0.0,0.35,habitanteysuesperanza_01_neruda_128kb_29
spn,0-0-1-0,#,#,caballos,0.35,1.48,habitanteysuesperanza_01_neruda_128kb_29
,0-0-2-0,#,#,,1.48,1.52,habitanteysuesperanza_01_neruda_128kb_29
e,0-0-3-0,#,#,es,1.52,1.62,habitanteysuesperanza_01_neruda_128kb_29
spn,0-0-4-0,#,#,fácil,1.62,1.76,habitanteysuesperanza_01_neruda_128kb_29
i,0-0-5-0,#,#,y,1.76,1.79,habitanteysuesperanza_01_neruda_128kb_29
spn,0-0-6-0,#,#,contentos,1.79,2.68,habitanteysuesperanza_01_neruda_128kb_29
spn,0-0-7-0,#,#,rivas,2.68,2.81,habitanteysuesperanza_01_neruda_128kb_29
j,0-0-8-0,#,#,y,2.81,2.84,habitanteysuesperanza_01_neruda_128kb_29
spn,0-0-9-0,#,#,yo,2.84,3.09,habitanteysuesperanza_01_neruda_128kb_29
spn,0-0-10-0,#,#,apuramos,3.09,3.23,habitanteysuesperanza_01_neruda_128kb_29
spn,0-0-11-0,#,#,las,3.23,3.43,habitanteysuesperanza_01_neruda_128kb_29
spn,0-0-12-0,#,#,bestias,3.43,4.34,habitanteysuesperanza_01_neruda_128kb_29
,0-0-13-0,#,#,,4.34,4.556259,habitanteysuesperanza_01_neruda_128kb_29
spn,0-0-0-0,#,#,rivas,0.0,0.11,habitanteysuesperanza_01_neruda_128kb_30
spn,0-0-1-0,#,#,sabe,0.11,0.36,habitanteysuesperanza_01_neruda_128kb_30
spn,0-0-2-0,#,#,su,0.36,0.73,habitanteysuesperanza_01_neruda_128kb_30
spn,0-0-3-0,#,#,oficio,0.73,1.51,habitanteysuesperanza_01_neruda_128kb_30
,0-0-4-0,#,#,,1.51,1.75,habitanteysuesperanza_01_neruda_128kb_30
i,0-0-5-0,#,#,y,1.75,1.82,habitanteysuesperanza_01_neruda_128kb_30
spn,0-0-6-0,#,#,llegará,1.82,2.02,habitanteysuesperanza_01_neruda_128kb_30
spn,0-0-7-0,#,#,con,2.02,2.43,habitanteysuesperanza_01_neruda_128kb_30
spn,0-0-8-0,#,#,el,2.43,2.64,habitanteysuesperanza_01_neruda_128kb_30
spn,0-0-9-0,#,#,robo,2.64,2.87,habitanteysuesperanza_01_neruda_128kb_30
spn,0-0-10-0,#,#,alimayken,2.87,3.94,habitanteysuesperanza_01_neruda_128kb_30
,0-0-11-0,#,#,,3.94,4.0,habitanteysuesperanza_01_neruda_128kb_30
i,0-0-12-0,#,#,y,4.0,4.07,habitanteysuesperanza_01_neruda_128kb_30
spn,0-0-13-0,#,#,nadie,4.07,4.42,habitanteysuesperanza_01_neruda_128kb_30
spn,0-0-14-0,#,#,como,4.42,4.62,habitanteysuesperanza_01_neruda_128kb_30
spn,0-0-15-0,#,#,él,4.62,5.01,habitanteysuesperanza_01_neruda_128kb_30
spn,0-0-16-0,#,#,sabrá,5.01,5.27,habitanteysuesperanza_01_neruda_128kb_30
spn,0-0-17-0,#,#,ocultarlo,5.27,6.07,habitanteysuesperanza_01_neruda_128kb_30
i,0-0-18-0,#,#,y,6.07,6.1,habitanteysuesperanza_01_neruda_128kb_30
spn,0-0-19-0,#,#,venderlo,6.1,6.361882,habitanteysuesperanza_01_neruda_128kb_30
spn,0-0-0-0,#,#,nos,0.0,0.58,habitanteysuesperanza_01_neruda_128kb_31
spn,0-0-1-0,#,#,despedimos,0.58,0.85,habitanteysuesperanza_01_neruda_128kb_31
i,0-0-2-0,#,#,y,0.85,0.88,habitanteysuesperanza_01_neruda_128kb_31
spn,0-0-3-0,#,#,agaló,0.88,1.02,habitanteysuesperanza_01_neruda_128kb_31
spn,0-0-4-0,#,#,pebrolento,1.02,1.3,habitanteysuesperanza_01_neruda_128kb_31
spn,0-0-5-0,#,#,al,1.3,1.82,habitanteysuesperanza_01_neruda_128kb_31
spn,0-0-6-0,#,#,canso,1.82,2.0,habitanteysuesperanza_01_neruda_128kb_31
spn,0-0-7-0,#,#,mi,2.0,2.6,habitanteysuesperanza_01_neruda_128kb_31
spn,0-0-8-0,#,#,camino,2.6,3.35,habitanteysuesperanza_01_neruda_128kb_31
spn,0-0-9-0,#,#,desiendo,3.35,3.73,habitanteysuesperanza_01_neruda_128kb_31
spn,0-0-10-0,#,#,los,3.73,4.1,habitanteysuesperanza_01_neruda_128kb_31
spn,0-0-11-0,#,#,cerros,4.1,4.59,habitanteysuesperanza_01_neruda_128kb_31
,0-0-12-0,#,#,,4.59,4.69,habitanteysuesperanza_01_neruda_128kb_31
i,0-0-13-0,#,#,y,4.69,4.76,habitanteysuesperanza_01_neruda_128kb_31
spn,0-0-14-0,#,#,al,4.76,5.35,habitanteysuesperanza_01_neruda_128kb_31
spn,0-0-15-0,#,#,lado,5.35,5.6,habitanteysuesperanza_01_neruda_128kb_31
spn,0-0-16-0,#,#,del,5.6,6.07,habitanteysuesperanza_01_neruda_128kb_31
spn,0-0-17-0,#,#,mar,6.07,6.34,habitanteysuesperanza_01_neruda_128kb_31
a,0-0-18-0,#,#,a,6.34,6.37,habitanteysuesperanza_01_neruda_128kb_31
spn,0-0-19-0,#,#,puro,6.37,6.45,habitanteysuesperanza_01_neruda_128kb_31
spn,0-0-20-0,#,#,salvicándome,6.45,6.75,habitanteysuesperanza_01_neruda_128kb_31
,0-0-21-0,#,#,,6.75,6.98,habitanteysuesperanza_01_neruda_128kb_31
spn,0-0-22-0,#,#,pegándome,6.98,7.34,habitanteysuesperanza_01_neruda_128kb_31
spn,0-0-23-0,#,#,fuertemente,7.34,7.5,habitanteysuesperanza_01_neruda_128kb_31
spn,0-0-24-0,#,#,el,7.5,7.98,habitanteysuesperanza_01_neruda_128kb_31
spn,0-0-25-0,#,#,viento,7.98,8.27,habitanteysuesperanza_01_neruda_128kb_31
spn,0-0-26-0,#,#,de,8.27,8.51,habitanteysuesperanza_01_neruda_128kb_31
spn,0-0-27-0,#,#,la,8.51,9.39,habitanteysuesperanza_01_neruda_128kb_31
spn,0-0-28-0,#,#,noche,9.39,9.48,habitanteysuesperanza_01_neruda_128kb_31
spn,0-0-29-0,#,#,del,9.48,9.53,habitanteysuesperanza_01_neruda_128kb_31
spn,0-0-30-0,#,#,mar,9.53,9.652494,habitanteysuesperanza_01_neruda_128kb_31
spn,0-0-0-0,#,#,quattro,0.0,0.506259,habitanteysuesperanza_01_neruda_128kb_32
spn,0-0-0-0,#,#,estoy,0.0,0.36,habitanteysuesperanza_01_neruda_128kb_33
spn,0-0-1-0,#,#,enfermo,0.36,0.39,habitanteysuesperanza_01_neruda_128kb_33
i,0-0-2-0,#,#,y,0.39,0.42,habitanteysuesperanza_01_neruda_128kb_33
spn,0-0-3-0,#,#,siento,0.42,0.59,habitanteysuesperanza_01_neruda_128kb_33
spn,0-0-4-0,#,#,el,0.59,0.72,habitanteysuesperanza_01_neruda_128kb_33
spn,0-0-5-0,#,#,run,0.72,0.94,habitanteysuesperanza_01_neruda_128kb_33
spn,0-0-6-0,#,#,run,0.94,1.33,habitanteysuesperanza_01_neruda_128kb_33
spn,0-0-7-0,#,#,tirante,1.33,1.51,habitanteysuesperanza_01_neruda_128kb_33
spn,0-0-8-0,#,#,de,1.51,1.68,habitanteysuesperanza_01_neruda_128kb_33
spn,0-0-9-0,#,#,la,1.68,1.97,habitanteysuesperanza_01_neruda_128kb_33
spn,0-0-10-0,#,#,fiebre,1.97,2.34,habitanteysuesperanza_01_neruda_128kb_33
spn,0-0-11-0,#,#,dándome,2.34,2.89,habitanteysuesperanza_01_neruda_128kb_33
spn,0-0-12-0,#,#,vueltas,2.89,3.22,habitanteysuesperanza_01_neruda_128kb_33
spn,0-0-13-0,#,#,sobre,3.22,3.56,habitanteysuesperanza_01_neruda_128kb_33
spn,0-0-14-0,#,#,la,3.56,4.28,habitanteysuesperanza_01_neruda_128kb_33
spn,0-0-15-0,#,#,paja,4.28,4.54,habitanteysuesperanza_01_neruda_128kb_33
spn,0-0-16-0,#,#,del,4.54,4.95,habitanteysuesperanza_01_neruda_128kb_33
spn,0-0-17-0,#,#,camastro,4.95,5.602494,habitanteysuesperanza_01_neruda_128kb_33
spn,0-0-0-0,#,#,el,0.0,0.21,habitanteysuesperanza_01_neruda_128kb_34
spn,0-0-1-0,#,#,calabozo,0.21,0.34,habitanteysuesperanza_01_neruda_128kb_34
spn,0-0-2-0,#,#,tiene,0.34,0.39,habitanteysuesperanza_01_neruda_128kb_34
spn,0-0-3-0,#,#,una,0.39,0.68,habitanteysuesperanza_01_neruda_128kb_34
spn,0-0-4-0,#,#,venta,0.68,0.82,habitanteysuesperanza_01_neruda_128kb_34
spn,0-0-5-0,#,#,nunca,0.82,1.27,habitanteysuesperanza_01_neruda_128kb_34
spn,0-0-6-0,#,#,muy,1.27,1.43,habitanteysuesperanza_01_neruda_128kb_34
spn,0-0-7-0,#,#,arriba,1.43,1.59,habitanteysuesperanza_01_neruda_128kb_34
spn,0-0-8-0,#,#,muy,1.59,1.92,habitanteysuesperanza_01_neruda_128kb_34
spn,0-0-9-0,#,#,triste,1.92,2.3,habitanteysuesperanza_01_neruda_128kb_34
spn,0-0-10-0,#,#,con,2.3,2.69,habitanteysuesperanza_01_neruda_128kb_34
spn,0-0-11-0,#,#,sus,2.69,2.86,habitanteysuesperanza_01_neruda_128kb_34
spn,0-0-12-0,#,#,seis,2.86,3.61,habitanteysuesperanza_01_neruda_128kb_34
spn,0-0-13-0,#,#,delgados,3.61,4.24,habitanteysuesperanza_01_neruda_128kb_34
spn,0-0-14-0,#,#,fierros,4.24,4.39,habitanteysuesperanza_01_neruda_128kb_34
spn,0-0-15-0,#,#,con,4.39,4.59,habitanteysuesperanza_01_neruda_128kb_34
spn,0-0-16-0,#,#,su,4.59,4.76,habitanteysuesperanza_01_neruda_128kb_34
spn,0-0-17-0,#,#,parte,4.76,5.3,habitanteysuesperanza_01_neruda_128kb_34
spn,0-0-18-0,#,#,de,5.3,5.49,habitanteysuesperanza_01_neruda_128kb_34
spn,0-0-19-0,#,#,alto,5.49,6.06,habitanteysuesperanza_01_neruda_128kb_34
spn,0-0-20-0,#,#,cielo,6.06,6.884989,habitanteysuesperanza_01_neruda_128kb_34
spn,0-0-0-0,#,#,dos,0.0,0.29,habitanteysuesperanza_01_neruda_128kb_35
o,0-0-1-0,#,#,o,0.29,0.37,habitanteysuesperanza_01_neruda_128kb_35
spn,0-0-2-0,#,#,tres,0.37,1.08,habitanteysuesperanza_01_neruda_128kb_35
spn,0-0-3-0,#,#,presos,1.08,1.31,habitanteysuesperanza_01_neruda_128kb_35
,0-0-4-0,#,#,,1.31,1.71,habitanteysuesperanza_01_neruda_128kb_35
spn,0-0-5-0,#,#,son,1.71,1.95,habitanteysuesperanza_01_neruda_128kb_35
spn,0-0-6-0,#,#,diego,1.95,2.26,habitanteysuesperanza_01_neruda_128kb_35
spn,0-0-7-0,#,#,cooper,2.26,2.82,habitanteysuesperanza_01_neruda_128kb_35
spn,0-0-8-0,#,#,también,2.82,3.24,habitanteysuesperanza_01_neruda_128kb_35
spn,0-0-9-0,#,#,cuadrero,3.24,3.9,habitanteysuesperanza_01_neruda_128kb_35
,0-0-10-0,#,#,,3.9,4.2,habitanteysuesperanza_01_neruda_128kb_35
spn,0-0-11-0,#,#,hombre,4.2,4.39,habitanteysuesperanza_01_neruda_128kb_35
spn,0-0-12-0,#,#,al,4.39,4.53,habitanteysuesperanza_01_neruda_128kb_35
spn,0-0-13-0,#,#,tanero,4.53,4.61,habitanteysuesperanza_01_neruda_128kb_35
spn,0-0-14-0,#,#,de,4.61,4.9,habitanteysuesperanza_01_neruda_128kb_35
spn,0-0-15-0,#,#,aire,4.9,5.06,habitanteysuesperanza_01_neruda_128kb_35
spn,0-0-16-0,#,#,orgulloso,5.06,5.41,habitanteysuesperanza_01_neruda_128kb_35
i,0-0-17-0,#,#,y,5.41,5.44,habitanteysuesperanza_01_neruda_128kb_35
spn,0-0-18-0,#,#,rojas,5.44,5.58,habitanteysuesperanza_01_neruda_128kb_35
spn,0-0-19-0,#,#,carrasco,5.58,6.1,habitanteysuesperanza_01_neruda_128kb_35
spn,0-0-20-0,#,#,tipo,6.1,6.54,habitanteysuesperanza_01_neruda_128kb_35
spn,0-0-21-0,#,#,gordo,6.54,6.79,habitanteysuesperanza_01_neruda_128kb_35
spn,0-0-22-0,#,#,sucio,6.79,7.27,habitanteysuesperanza_01_neruda_128kb_35
spn,0-0-23-0,#,#,antipático,7.27,7.84,habitanteysuesperanza_01_neruda_128kb_35
c,0-0-24-0,#,#,que,7.84,7.88,habitanteysuesperanza_01_neruda_128kb_35
spn,0-0-25-0,#,#,no,7.88,8.04,habitanteysuesperanza_01_neruda_128kb_35
spn,0-0-26-0,#,#,sé,8.04,8.76,habitanteysuesperanza_01_neruda_128kb_35
spn,0-0-27-0,#,#,qué,8.76,9.18,habitanteysuesperanza_01_neruda_128kb_35
spn,0-0-28-0,#,#,líos,9.18,9.75,habitanteysuesperanza_01_neruda_128kb_35
spn,0-0-29-0,#,#,tiene,9.75,9.97,habitanteysuesperanza_01_neruda_128kb_35
,0-0-30-0,#,#,,9.97,10.27,habitanteysuesperanza_01_neruda_128kb_35
spn,0-0-31-0,#,#,con,10.27,11.49,habitanteysuesperanza_01_neruda_128kb_35
spn,0-0-32-0,#,#,la,11.49,11.73,habitanteysuesperanza_01_neruda_128kb_35
spn,0-0-33-0,#,#,policía,11.73,12.22,habitanteysuesperanza_01_neruda_128kb_35
spn,0-0-34-0,#,#,rural,12.22,12.706871,habitanteysuesperanza_01_neruda_128kb_35
spn,0-0-0-0,#,#,pero,0.0,0.39,habitanteysuesperanza_01_neruda_128kb_36
spn,0-0-1-0,#,#,sobre,0.39,0.64,habitanteysuesperanza_01_neruda_128kb_36
spn,0-0-2-0,#,#,todo,0.64,1.04,habitanteysuesperanza_01_neruda_128kb_36
spn,0-0-3-0,#,#,el,1.04,1.36,habitanteysuesperanza_01_neruda_128kb_36
spn,0-0-4-0,#,#,largo,1.36,1.87,habitanteysuesperanza_01_neruda_128kb_36
spn,0-0-5-0,#,#,día,1.87,2.12,habitanteysuesperanza_01_neruda_128kb_36
spn,0-0-6-0,#,#,cuando,2.12,2.6,habitanteysuesperanza_01_neruda_128kb_36
spn,0-0-7-0,#,#,el,2.6,3.01,habitanteysuesperanza_01_neruda_128kb_36
spn,0-0-8-0,#,#,verano,3.01,3.22,habitanteysuesperanza_01_neruda_128kb_36
spn,0-0-9-0,#,#,de,3.22,3.35,habitanteysuesperanza_01_neruda_128kb_36
spn,0-0-10-0,#,#,esta,3.35,3.55,habitanteysuesperanza_01_neruda_128kb_36
spn,0-0-11-0,#,#,comarca,3.55,4.28,habitanteysuesperanza_01_neruda_128kb_36
spn,0-0-12-0,#,#,marina,4.28,4.52,habitanteysuesperanza_01_neruda_128kb_36
spn,0-0-13-0,#,#,sumba,4.52,5.34,habitanteysuesperanza_01_neruda_128kb_36
spn,0-0-14-0,#,#,hasta,5.34,5.56,habitanteysuesperanza_01_neruda_128kb_36
spn,0-0-15-0,#,#,mis,5.56,5.82,habitanteysuesperanza_01_neruda_128kb_36
spn,0-0-16-0,#,#,oídos,5.82,6.27,habitanteysuesperanza_01_neruda_128kb_36
spn,0-0-17-0,#,#,como,6.27,6.58,habitanteysuesperanza_01_neruda_128kb_36
,0-0-18-0,#,#,,6.58,6.89,habitanteysuesperanza_01_neruda_128kb_36
spn,0-0-19-0,#,#,una,6.89,7.16,habitanteysuesperanza_01_neruda_128kb_36
spn,0-0-20-0,#,#,chicharra,7.16,7.7,habitanteysuesperanza_01_neruda_128kb_36
spn,0-0-21-0,#,#,con,7.7,7.89,habitanteysuesperanza_01_neruda_128kb_36
spn,0-0-22-0,#,#,lejos,7.89,8.28,habitanteysuesperanza_01_neruda_128kb_36
spn,0-0-23-0,#,#,lejos,8.28,8.43,habitanteysuesperanza_01_neruda_128kb_36
spn,0-0-24-0,#,#,el,8.43,8.87,habitanteysuesperanza_01_neruda_128kb_36
spn,0-0-25-0,#,#,rumor,8.87,8.98,habitanteysuesperanza_01_neruda_128kb_36
spn,0-0-26-0,#,#,de,8.98,9.28,habitanteysuesperanza_01_neruda_128kb_36
spn,0-0-27-0,#,#,la,9.28,9.37,habitanteysuesperanza_01_neruda_128kb_36
spn,0-0-28-0,#,#,desembocadura,9.37,10.07,habitanteysuesperanza_01_neruda_128kb_36
spn,0-0-29-0,#,#,donde,10.07,10.27,habitanteysuesperanza_01_neruda_128kb_36
spn,0-0-30-0,#,#,recuerdo,10.27,10.43,habitanteysuesperanza_01_neruda_128kb_36
spn,0-0-31-0,#,#,el,10.43,10.86,habitanteysuesperanza_01_neruda_128kb_36
spn,0-0-32-0,#,#,muella,10.86,11.14,habitanteysuesperanza_01_neruda_128kb_36
spn,0-0-33-0,#,#,internando,11.14,11.25,habitanteysuesperanza_01_neruda_128kb_36
spn,0-0-34-0,#,#,su,11.25,11.66,habitanteysuesperanza_01_neruda_128kb_36
spn,0-0-35-0,#,#,solitaria,11.66,12.09,habitanteysuesperanza_01_neruda_128kb_36
spn,0-0-36-0,#,#,madera,12.09,12.62,habitanteysuesperanza_01_neruda_128kb_36
spn,0-0-37-0,#,#,el,12.62,12.85,habitanteysuesperanza_01_neruda_128kb_36
,0-0-38-0,#,#,,12.85,13.23,habitanteysuesperanza_01_neruda_128kb_36
spn,0-0-39-0,#,#,vaivén,13.23,13.31,habitanteysuesperanza_01_neruda_128kb_36
spn,0-0-40-0,#,#,de,13.31,13.5,habitanteysuesperanza_01_neruda_128kb_36
spn,0-0-41-0,#,#,la,13.5,13.92,habitanteysuesperanza_01_neruda_128kb_36
spn,0-0-42-0,#,#,agua,13.92,14.12,habitanteysuesperanza_01_neruda_128kb_36
spn,0-0-43-0,#,#,profunda,14.12,14.87,habitanteysuesperanza_01_neruda_128kb_36
,0-0-44-0,#,#,,14.87,14.91,habitanteysuesperanza_01_neruda_128kb_36
o,0-0-45-0,#,#,o,14.91,15.0,habitanteysuesperanza_01_neruda_128kb_36
spn,0-0-46-0,#,#,más,15.0,15.62,habitanteysuesperanza_01_neruda_128kb_36
spn,0-0-47-0,#,#,distante,15.62,15.99,habitanteysuesperanza_01_neruda_128kb_36
spn,0-0-48-0,#,#,las,15.99,16.28,habitanteysuesperanza_01_neruda_128kb_36
spn,0-0-49-0,#,#,carretas,16.28,16.35,habitanteysuesperanza_01_neruda_128kb_36
spn,0-0-50-0,#,#,atascadas,16.35,17.05,habitanteysuesperanza_01_neruda_128kb_36
spn,0-0-51-0,#,#,de,17.05,17.38,habitanteysuesperanza_01_neruda_128kb_36
spn,0-0-52-0,#,#,viejos,17.38,18.22,habitanteysuesperanza_01_neruda_128kb_36
spn,0-0-53-0,#,#,trigos,18.22,18.45,habitanteysuesperanza_01_neruda_128kb_36
spn,0-0-54-0,#,#,la,18.45,18.79,habitanteysuesperanza_01_neruda_128kb_36
spn,0-0-55-0,#,#,hierra,18.79,19.08,habitanteysuesperanza_01_neruda_128kb_36
spn,0-0-56-0,#,#,los,19.08,19.43,habitanteysuesperanza_01_neruda_128kb_36
spn,0-0-57-0,#,#,avellanos,19.43,19.777506,habitanteysuesperanza_01_neruda_128kb_36
spn,0-0-0-0,#,#,solo,0.0,0.19,habitanteysuesperanza_01_neruda_128kb_37
spn,0-0-1-0,#,#,me,0.19,0.52,habitanteysuesperanza_01_neruda_128kb_37
spn,0-0-2-0,#,#,apena,0.52,1.05,habitanteysuesperanza_01_neruda_128kb_37
spn,0-0-3-0,#,#,pensar,1.05,1.15,habitanteysuesperanza_01_neruda_128kb_37
c,0-0-4-0,#,#,que,1.15,1.18,habitanteysuesperanza_01_neruda_128kb_37
spn,0-0-5-0,#,#,haya,1.18,1.57,habitanteysuesperanza_01_neruda_128kb_37
spn,0-0-6-0,#,#,aprendido,1.57,2.75,habitanteysuesperanza_01_neruda_128kb_37
spn,0-0-7-0,#,#,las,2.75,3.0,habitanteysuesperanza_01_neruda_128kb_37
spn,0-0-8-0,#,#,cosas,3.0,3.1,habitanteysuesperanza_01_neruda_128kb_37
spn,0-0-9-0,#,#,inótilmente,3.1,3.341247,habitanteysuesperanza_01_neruda_128kb_37
spn,0-0-0-0,#,#,me,0.0,0.28,habitanteysuesperanza_01_neruda_128kb_38
spn,0-0-1-0,#,#,apena,0.28,0.56,habitanteysuesperanza_01_neruda_128kb_38
spn,0-0-2-0,#,#,recordar,0.56,2.73,habitanteysuesperanza_01_neruda_128kb_38
spn,0-0-3-0,#,#,las,2.73,2.96,habitanteysuesperanza_01_neruda_128kb_38
spn,0-0-4-0,#,#,alegrías,2.96,3.89,habitanteysuesperanza_01_neruda_128kb_38
spn,0-0-5-0,#,#,de,3.89,4.46,habitanteysuesperanza_01_neruda_128kb_38
spn,0-0-6-0,#,#,mi,4.46,4.67,habitanteysuesperanza_01_neruda_128kb_38
spn,0-0-7-0,#,#,destresa,4.67,5.05,habitanteysuesperanza_01_neruda_128kb_38
spn,0-0-8-0,#,#,el,5.05,5.33,habitanteysuesperanza_01_neruda_128kb_38
spn,0-0-9-0,#,#,ejercicio,5.33,5.55,habitanteysuesperanza_01_neruda_128kb_38
spn,0-0-10-0,#,#,de,5.55,5.71,habitanteysuesperanza_01_neruda_128kb_38
spn,0-0-11-0,#,#,mi,5.71,6.22,habitanteysuesperanza_01_neruda_128kb_38
spn,0-0-12-0,#,#,vida,6.22,7.16,habitanteysuesperanza_01_neruda_128kb_38
,0-0-13-0,#,#,,7.16,7.41,habitanteysuesperanza_01_neruda_128kb_38
spn,0-0-14-0,#,#,conducida,7.41,7.85,habitanteysuesperanza_01_neruda_128kb_38
spn,0-0-15-0,#,#,como,7.85,8.35,habitanteysuesperanza_01_neruda_128kb_38
u,0-0-16-0,n,#,un,8.35,8.4,habitanteysuesperanza_01_neruda_128kb_38
n,0-0-16-1,#,u,un,8.4,8.57,habitanteysuesperanza_01_neruda_128kb_38
spn,0-0-17-0,#,#,instrumento,8.57,8.85,habitanteysuesperanza_01_neruda_128kb_38
e,0-0-18-0,n,#,en,8.85,8.9,habitanteysuesperanza_01_neruda_128kb_38
n,0-0-18-1,#,e,en,8.9,9.02,habitanteysuesperanza_01_neruda_128kb_38
spn,0-0-19-0,#,#,busca,9.02,9.31,habitanteysuesperanza_01_neruda_128kb_38
spn,0-0-20-0,#,#,de,9.31,9.4,habitanteysuesperanza_01_neruda_128kb_38
spn,0-0-21-0,#,#,una,9.4,9.55,habitanteysuesperanza_01_neruda_128kb_38
spn,0-0-22-0,#,#,esperanza,9.55,9.58,habitanteysuesperanza_01_neruda_128kb_38
spn,0-0-23-0,#,#,la,9.58,9.64,habitanteysuesperanza_01_neruda_128kb_38
spn,0-0-24-0,#,#,desierta,9.64,9.72,habitanteysuesperanza_01_neruda_128kb_38
spn,0-0-25-0,#,#,latitud,9.72,9.89,habitanteysuesperanza_01_neruda_128kb_38
spn,0-0-26-0,#,#,banamente,9.89,10.16,habitanteysuesperanza_01_neruda_128kb_38
spn,0-0-27-0,#,#,explorada,10.16,10.28,habitanteysuesperanza_01_neruda_128kb_38
spn,0-0-28-0,#,#,con,10.28,10.63,habitanteysuesperanza_01_neruda_128kb_38
spn,0-0-29-0,#,#,buenos,10.63,10.82,habitanteysuesperanza_01_neruda_128kb_38
spn,0-0-30-0,#,#,ojos,10.82,11.29,habitanteysuesperanza_01_neruda_128kb_38
i,0-0-31-0,#,#,y,11.29,11.32,habitanteysuesperanza_01_neruda_128kb_38
spn,0-0-32-0,#,#,entusiasmo,11.32,11.559365,habitanteysuesperanza_01_neruda_128kb_38
,0-0-0-0,#,#,,0.0,0.04,habitanteysuesperanza_01_neruda_128kb_39
a,0-0-1-0,#,#,a,0.04,0.1,habitanteysuesperanza_01_neruda_128kb_39
spn,0-0-2-0,#,#,media,0.1,0.38,habitanteysuesperanza_01_neruda_128kb_39
spn,0-0-3-0,#,#,tarde,0.38,0.51,habitanteysuesperanza_01_neruda_128kb_39
spn,0-0-4-0,#,#,se,0.51,0.58,habitanteysuesperanza_01_neruda_128kb_39
spn,0-0-5-0,#,#,escurre,0.58,1.05,habitanteysuesperanza_01_neruda_128kb_39
spn,0-0-6-0,#,#,por,1.05,1.34,habitanteysuesperanza_01_neruda_128kb_39
spn,0-0-7-0,#,#,debajo,1.34,1.49,habitanteysuesperanza_01_neruda_128kb_39
spn,0-0-8-0,#,#,de,1.49,1.59,habitanteysuesperanza_01_neruda_128kb_39
spn,0-0-9-0,#,#,la,1.59,1.74,habitanteysuesperanza_01_neruda_128kb_39
spn,0-0-10-0,#,#,puerta,1.74,2.05,habitanteysuesperanza_01_neruda_128kb_39
a,0-0-11-0,#,#,a,2.05,2.08,habitanteysuesperanza_01_neruda_128kb_39
spn,0-0-12-0,#,#,una,2.08,2.7,habitanteysuesperanza_01_neruda_128kb_39
spn,0-0-13-0,#,#,gallina,2.7,3.223129,habitanteysuesperanza_01_neruda_128kb_39
spn,0-0-0-0,#,#,apuesto,0.0,1.06,habitanteysuesperanza_01_neruda_128kb_40
spn,0-0-1-0,#,#,después,1.06,1.25,habitanteysuesperanza_01_neruda_128kb_40
spn,0-0-2-0,#,#,entre,1.25,1.4,habitanteysuesperanza_01_neruda_128kb_40
spn,0-0-3-0,#,#,la,1.4,1.51,habitanteysuesperanza_01_neruda_128kb_40
spn,0-0-4-0,#,#,paja,1.51,1.87,habitanteysuesperanza_01_neruda_128kb_40
spn,0-0-5-0,#,#,del,1.87,2.06,habitanteysuesperanza_01_neruda_128kb_40
spn,0-0-6-0,#,#,camastro,2.06,2.41,habitanteysuesperanza_01_neruda_128kb_40
,0-0-7-0,#,#,,2.41,2.68,habitanteysuesperanza_01_neruda_128kb_40
u,0-0-8-0,n,#,un,2.68,2.79,habitanteysuesperanza_01_neruda_128kb_40
n,0-0-8-1,#,u,un,2.79,2.89,habitanteysuesperanza_01_neruda_128kb_40
spn,0-0-9-0,#,#,nuevo,2.89,3.25,habitanteysuesperanza_01_neruda_128kb_40
c,0-0-10-0,#,#,que,3.25,3.28,habitanteysuesperanza_01_neruda_128kb_40
spn,0-0-11-0,#,#,dura,3.28,3.68,habitanteysuesperanza_01_neruda_128kb_40
spn,0-0-12-0,#,#,ahí,3.68,4.14,habitanteysuesperanza_01_neruda_128kb_40
,0-0-13-0,#,#,,4.14,4.35,habitanteysuesperanza_01_neruda_128kb_40
spn,0-0-14-0,#,#,asustando,4.35,5.0,habitanteysuesperanza_01_neruda_128kb_40
spn,0-0-15-0,#,#,su,5.0,5.17,habitanteysuesperanza_01_neruda_128kb_40
spn,0-0-16-0,#,#,pequeña,5.17,5.55,habitanteysuesperanza_01_neruda_128kb_40
spn,0-0-17-0,#,#,inmoblidad,5.55,6.260635,habitanteysuesperanza_01_neruda_128kb_40
spn,0-0-0-0,#,#,five,0.0,0.556871,habitanteysuesperanza_01_neruda_128kb_41
spn,0-0-0-0,#,#,me,0.0,0.23,habitanteysuesperanza_01_neruda_128kb_42
e,0-0-1-0,#,#,he,0.23,0.3,habitanteysuesperanza_01_neruda_128kb_42
spn,0-0-2-0,#,#,querido,0.3,0.56,habitanteysuesperanza_01_neruda_128kb_42
spn,0-0-3-0,#,#,tomar,0.56,1.08,habitanteysuesperanza_01_neruda_128kb_42
spn,0-0-0-0,#,#,estoy,0.0,0.25,habitanteysuesperanza_01_neruda_128kb_43
spn,0-0-1-0,#,#,preso,0.25,0.28,habitanteysuesperanza_01_neruda_128kb_43
e,0-0-2-0,n,#,en,0.28,0.31,habitanteysuesperanza_01_neruda_128kb_43
n,0-0-2-1,#,e,en,0.31,0.36,habitanteysuesperanza_01_neruda_128kb_43
spn,0-0-3-0,#,#,la,0.36,0.48,habitanteysuesperanza_01_neruda_128kb_43
spn,0-0-4-0,#,#,policía,0.48,0.85,habitanteysuesperanza_01_neruda_128kb_43
spn,0-0-5-0,#,#,de,0.85,1.33,habitanteysuesperanza_01_neruda_128kb_43
spn,0-0-6-0,#,#,cantalado,1.33,1.44,habitanteysuesperanza_01_neruda_128kb_43
spn,0-0-7-0,#,#,por,1.44,1.6,habitanteysuesperanza_01_neruda_128kb_43
spn,0-0-8-0,#,#,unos,1.6,2.04,habitanteysuesperanza_01_neruda_128kb_43
,0-0-9-0,#,#,,2.04,2.22,habitanteysuesperanza_01_neruda_128kb_43
spn,0-0-10-0,#,#,asuntos,2.22,2.9,habitanteysuesperanza_01_neruda_128kb_43
spn,0-0-11-0,#,#,de,2.9,3.09,habitanteysuesperanza_01_neruda_128kb_43
spn,0-0-12-0,#,#,animales,3.09,3.83,habitanteysuesperanza_01_neruda_128kb_43
,0-0-13-0,#,#,,3.83,4.36,habitanteysuesperanza_01_neruda_128kb_43
e,0-0-14-0,#,#,he,4.36,4.46,habitanteysuesperanza_01_neruda_128kb_43
spn,0-0-15-0,#,#,pasado,4.46,4.87,habitanteysuesperanza_01_neruda_128kb_43
u,0-0-16-0,n,#,un,4.87,4.91,habitanteysuesperanza_01_neruda_128kb_43
n,0-0-16-1,#,u,un,4.91,5.0,habitanteysuesperanza_01_neruda_128kb_43
spn,0-0-17-0,#,#,mes,5.0,5.53,habitanteysuesperanza_01_neruda_128kb_43
spn,0-0-18-0,#,#,ocioso,5.53,5.83,habitanteysuesperanza_01_neruda_128kb_43
spn,0-0-19-0,#,#,con,5.83,6.14,habitanteysuesperanza_01_neruda_128kb_43
spn,0-0-20-0,#,#,grante,6.14,6.24,habitanteysuesperanza_01_neruda_128kb_43
spn,0-0-21-0,#,#,dio,6.24,6.766871,habitanteysuesperanza_01_neruda_128kb_43
,0-0-0-0,#,#,,0.0,0.06,habitanteysuesperanza_01_neruda_128kb_44
e,0-0-1-0,n,#,en,0.06,0.14,habitanteysuesperanza_01_neruda_128kb_44
n,0-0-1-1,#,e,en,0.14,0.21,habitanteysuesperanza_01_neruda_128kb_44
u,0-0-2-0,n,#,un,0.21,0.26,habitanteysuesperanza_01_neruda_128kb_44
n,0-0-2-1,#,u,un,0.26,0.33,habitanteysuesperanza_01_neruda_128kb_44
spn,0-0-3-0,#,#,cuartel,0.33,0.52,habitanteysuesperanza_01_neruda_128kb_44
spn,0-0-4-0,#,#,campesino,0.52,1.53,habitanteysuesperanza_01_neruda_128kb_44
spn,0-0-5-0,#,#,de,1.53,2.43,habitanteysuesperanza_01_neruda_128kb_44
spn,0-0-6-0,#,#,grandes,2.43,2.62,habitanteysuesperanza_01_neruda_128kb_44
spn,0-0-7-0,#,#,paredes,2.62,2.77,habitanteysuesperanza_01_neruda_128kb_44
spn,0-0-8-0,#,#,coloradas,2.77,3.28,habitanteysuesperanza_01_neruda_128kb_44
,0-0-9-0,#,#,,3.28,3.34,habitanteysuesperanza_01_neruda_128kb_44
e,0-0-10-0,n,#,en,3.34,3.42,habitanteysuesperanza_01_neruda_128kb_44
n,0-0-10-1,#,e,en,3.42,3.49,habitanteysuesperanza_01_neruda_128kb_44
spn,0-0-11-0,#,#,donde,3.49,3.67,habitanteysuesperanza_01_neruda_128kb_44
spn,0-0-12-0,#,#,vienen,3.67,4.18,habitanteysuesperanza_01_neruda_128kb_44
,0-0-13-0,#,#,,4.18,4.21,habitanteysuesperanza_01_neruda_128kb_44
a,0-0-14-0,#,#,a,4.21,4.27,habitanteysuesperanza_01_neruda_128kb_44
spn,0-0-15-0,#,#,caer,4.27,4.6,habitanteysuesperanza_01_neruda_128kb_44
spn,0-0-16-0,#,#,indios,4.6,4.71,habitanteysuesperanza_01_neruda_128kb_44
spn,0-0-17-0,#,#,infelices,4.71,5.19,habitanteysuesperanza_01_neruda_128kb_44
i,0-0-18-0,#,#,y,5.19,5.22,habitanteysuesperanza_01_neruda_128kb_44
spn,0-0-19-0,#,#,vagabundos,5.22,5.94,habitanteysuesperanza_01_neruda_128kb_44
spn,0-0-20-0,#,#,de,5.94,6.7,habitanteysuesperanza_01_neruda_128kb_44
spn,0-0-21-0,#,#,los,6.7,6.98,habitanteysuesperanza_01_neruda_128kb_44
spn,0-0-22-0,#,#,campos,6.98,7.576871,habitanteysuesperanza_01_neruda_128kb_44
spn,0-0-0-0,#,#,yo,0.0,0.27,habitanteysuesperanza_01_neruda_128kb_45
spn,0-0-1-0,#,#,le,0.27,0.55,habitanteysuesperanza_01_neruda_128kb_45
e,0-0-2-0,#,#,he,0.55,0.61,habitanteysuesperanza_01_neruda_128kb_45
spn,0-0-3-0,#,#,escribo,0.61,0.7,habitanteysuesperanza_01_neruda_128kb_45
spn,0-0-4-0,#,#,para,0.7,1.05,habitanteysuesperanza_01_neruda_128kb_45
spn,0-0-5-0,#,#,saber,1.05,1.19,habitanteysuesperanza_01_neruda_128kb_45
spn,0-0-6-0,#,#,de,1.19,1.53,habitanteysuesperanza_01_neruda_128kb_45
spn,0-0-7-0,#,#,irene,1.53,1.93,habitanteysuesperanza_01_neruda_128kb_45
spn,0-0-8-0,#,#,la,1.93,2.41,habitanteysuesperanza_01_neruda_128kb_45
spn,0-0-9-0,#,#,mujer,2.41,2.68,habitanteysuesperanza_01_neruda_128kb_45
spn,0-0-10-0,#,#,de,2.68,3.04,habitanteysuesperanza_01_neruda_128kb_45
,0-0-11-0,#,#,,3.04,3.4,habitanteysuesperanza_01_neruda_128kb_45
spn,0-0-12-0,#,#,florencio,3.4,3.51,habitanteysuesperanza_01_neruda_128kb_45
spn,0-0-13-0,#,#,aquí,3.51,3.59,habitanteysuesperanza_01_neruda_128kb_45
e,0-0-14-0,n,#,en,3.59,3.66,habitanteysuesperanza_01_neruda_128kb_45
n,0-0-14-1,#,e,en,3.66,3.74,habitanteysuesperanza_01_neruda_128kb_45
spn,0-0-15-0,#,#,deseo,3.74,4.16,habitanteysuesperanza_01_neruda_128kb_45
c,0-0-16-0,#,#,que,4.16,4.19,habitanteysuesperanza_01_neruda_128kb_45
spn,0-0-17-0,#,#,lleve,4.19,4.54,habitanteysuesperanza_01_neruda_128kb_45
u,0-0-18-0,n,#,un,4.54,4.59,habitanteysuesperanza_01_neruda_128kb_45
n,0-0-18-1,#,u,un,4.59,4.62,habitanteysuesperanza_01_neruda_128kb_45
spn,0-0-19-0,#,#,recado,4.62,4.78,habitanteysuesperanza_01_neruda_128kb_45
c,0-0-20-0,#,#,que,4.78,4.84,habitanteysuesperanza_01_neruda_128kb_45
spn,0-0-21-0,#,#,no,4.84,5.07,habitanteysuesperanza_01_neruda_128kb_45
spn,0-0-22-0,#,#,necesito,5.07,6.08,habitanteysuesperanza_01_neruda_128kb_45
spn,0-0-23-0,#,#,decirle,6.08,6.361882,habitanteysuesperanza_01_neruda_128kb_45
spn,0-0-0-0,#,#,la,0.0,0.08,habitanteysuesperanza_01_neruda_128kb_46
spn,0-0-1-0,#,#,veo,0.08,0.23,habitanteysuesperanza_01_neruda_128kb_46
i,0-0-2-0,#,#,y,0.23,0.26,habitanteysuesperanza_01_neruda_128kb_46
spn,0-0-3-0,#,#,tengo,0.26,0.39,habitanteysuesperanza_01_neruda_128kb_46
spn,0-0-4-0,#,#,la,0.39,0.77,habitanteysuesperanza_01_neruda_128kb_46
spn,0-0-5-0,#,#,sensación,0.77,1.57,habitanteysuesperanza_01_neruda_128kb_46
spn,0-0-6-0,#,#,de,1.57,1.66,habitanteysuesperanza_01_neruda_128kb_46
c,0-0-7-0,#,#,que,1.66,1.72,habitanteysuesperanza_01_neruda_128kb_46
spn,0-0-8-0,#,#,esta,1.72,2.21,habitanteysuesperanza_01_neruda_128kb_46
spn,0-0-9-0,#,#,sola,2.21,2.66,habitanteysuesperanza_01_neruda_128kb_46
,0-0-10-0,#,#,,2.66,2.71,habitanteysuesperanza_01_neruda_128kb_46
o,0-0-11-0,#,#,o,2.71,2.81,habitanteysuesperanza_01_neruda_128kb_46
spn,0-0-12-0,#,#,de,2.81,2.92,habitanteysuesperanza_01_neruda_128kb_46
c,0-0-13-0,#,#,que,2.92,2.95,habitanteysuesperanza_01_neruda_128kb_46
spn,0-0-14-0,#,#,la,2.95,3.32,habitanteysuesperanza_01_neruda_128kb_46
spn,0-0-15-0,#,#,maltratan,3.32,3.813741,habitanteysuesperanza_01_neruda_128kb_46
spn,0-0-0-0,#,#,qué,0.0,0.15,habitanteysuesperanza_01_neruda_128kb_47
spn,0-0-1-0,#,#,quiere,0.15,0.42,habitanteysuesperanza_01_neruda_128kb_47
spn,0-0-2-0,#,#,decir,0.42,0.72,habitanteysuesperanza_01_neruda_128kb_47
spn,0-0-3-0,#,#,esto,0.72,1.130635,habitanteysuesperanza_01_neruda_128kb_47
spn,0-0-0-0,#,#,trate,0.0,0.52,habitanteysuesperanza_01_neruda_128kb_48
spn,0-0-1-0,#,#,de,0.52,0.86,habitanteysuesperanza_01_neruda_128kb_48
spn,0-0-2-0,#,#,encontrarla,0.86,1.215011,habitanteysuesperanza_01_neruda_128kb_48
spn,0-0-0-0,#,#,ella,0.0,0.46,habitanteysuesperanza_01_neruda_128kb_49
spn,0-0-1-0,#,#,vive,0.46,0.54,habitanteysuesperanza_01_neruda_128kb_49
spn,0-0-2-0,#,#,frente,0.54,0.71,habitanteysuesperanza_01_neruda_128kb_49
spn,0-0-3-0,#,#,al,0.71,1.15,habitanteysuesperanza_01_neruda_128kb_49
spn,0-0-4-0,#,#,chalete,1.15,1.41,habitanteysuesperanza_01_neruda_128kb_49
spn,0-0-5-0,#,#,de,1.41,1.52,habitanteysuesperanza_01_neruda_128kb_49
spn,0-0-6-0,#,#,las,1.52,1.61,habitanteysuesperanza_01_neruda_128kb_49
spn,0-0-7-0,#,#,vasques,1.61,2.058753,habitanteysuesperanza_01_neruda_128kb_49
spn,0-0-0-0,#,#,lo,0.0,0.26,habitanteysuesperanza_01_neruda_128kb_50
spn,0-0-1-0,#,#,abraza,0.26,0.73,habitanteysuesperanza_01_neruda_128kb_50
spn,0-0-2-0,#,#,su,0.73,1.13,habitanteysuesperanza_01_neruda_128kb_50
spn,0-0-3-0,#,#,amigo,1.13,1.366871,habitanteysuesperanza_01_neruda_128kb_50
spn,0-0-0-0,#,#,cheers,0.0,0.54,habitanteysuesperanza_01_neruda_128kb_51
spn,0-0-0-0,#,#,entonces,0.0,0.14,habitanteysuesperanza_01_neruda_128kb_52
spn,0-0-1-0,#,#,cuando,0.14,0.59,habitanteysuesperanza_01_neruda_128kb_52
spn,0-0-2-0,#,#,ya,0.59,0.75,habitanteysuesperanza_01_neruda_128kb_52
spn,0-0-3-0,#,#,cae,0.75,1.0,habitanteysuesperanza_01_neruda_128kb_52
spn,0-0-4-0,#,#,la,1.0,1.52,habitanteysuesperanza_01_neruda_128kb_52
spn,0-0-5-0,#,#,tarde,1.52,1.78,habitanteysuesperanza_01_neruda_128kb_52
,0-0-6-0,#,#,,1.78,1.99,habitanteysuesperanza_01_neruda_128kb_52
i,0-0-7-0,#,#,y,1.99,2.07,habitanteysuesperanza_01_neruda_128kb_52
spn,0-0-8-0,#,#,el,2.07,2.19,habitanteysuesperanza_01_neruda_128kb_52
spn,0-0-9-0,#,#,rumor,2.19,2.33,habitanteysuesperanza_01_neruda_128kb_52
spn,0-0-10-0,#,#,del,2.33,2.43,habitanteysuesperanza_01_neruda_128kb_52
spn,0-0-11-0,#,#,mar,2.43,2.95,habitanteysuesperanza_01_neruda_128kb_52
spn,0-0-12-0,#,#,alimenta,2.95,3.09,habitanteysuesperanza_01_neruda_128kb_52
,0-0-13-0,#,#,,3.09,3.17,habitanteysuesperanza_01_neruda_128kb_52
a,0-0-14-0,#,#,a,3.17,3.25,habitanteysuesperanza_01_neruda_128kb_52
spn,0-0-15-0,#,#,su,3.25,3.62,habitanteysuesperanza_01_neruda_128kb_52
spn,0-0-16-0,#,#,dura,3.62,3.77,habitanteysuesperanza_01_neruda_128kb_52
spn,0-0-17-0,#,#,distancia,3.77,4.86,habitanteysuesperanza_01_neruda_128kb_52
,0-0-18-0,#,#,,4.86,5.16,habitanteysuesperanza_01_neruda_128kb_52
spn,0-0-19-0,#,#,contento,5.16,5.52,habitanteysuesperanza_01_neruda_128kb_52
spn,0-0-20-0,#,#,de,5.52,6.16,habitanteysuesperanza_01_neruda_128kb_52
spn,0-0-21-0,#,#,mi,6.16,6.38,habitanteysuesperanza_01_neruda_128kb_52
spn,0-0-22-0,#,#,libertad,6.38,6.54,habitanteysuesperanza_01_neruda_128kb_52
,0-0-23-0,#,#,,6.54,6.57,habitanteysuesperanza_01_neruda_128kb_52
j,0-0-24-0,#,#,y,6.57,6.66,habitanteysuesperanza_01_neruda_128kb_52
spn,0-0-25-0,#,#,de,6.66,6.8,habitanteysuesperanza_01_neruda_128kb_52
spn,0-0-26-0,#,#,mi,6.8,6.91,habitanteysuesperanza_01_neruda_128kb_52
spn,0-0-27-0,#,#,vida,6.91,7.6,habitanteysuesperanza_01_neruda_128kb_52
spn,0-0-28-0,#,#,atravieso,7.6,8.3,habitanteysuesperanza_01_neruda_128kb_52
spn,0-0-29-0,#,#,las,8.3,8.57,habitanteysuesperanza_01_neruda_128kb_52
spn,0-0-30-0,#,#,desiertas,8.57,8.95,habitanteysuesperanza_01_neruda_128kb_52
spn,0-0-31-0,#,#,calles,8.95,9.84,habitanteysuesperanza_01_neruda_128kb_52
spn,0-0-32-0,#,#,siguiendo,9.84,9.94,habitanteysuesperanza_01_neruda_128kb_52
u,0-0-33-0,n,#,un,9.94,9.97,habitanteysuesperanza_01_neruda_128kb_52
n,0-0-33-1,#,u,un,9.97,10.07,habitanteysuesperanza_01_neruda_128kb_52
spn,0-0-34-0,#,#,camino,10.07,10.45,habitanteysuesperanza_01_neruda_128kb_52
c,0-0-35-0,#,#,que,10.45,10.48,habitanteysuesperanza_01_neruda_128kb_52
spn,0-0-36-0,#,#,conozco,10.48,10.91,habitanteysuesperanza_01_neruda_128kb_52
spn,0-0-37-0,#,#,mucho,10.91,11.576259,habitanteysuesperanza_01_neruda_128kb_52
e,0-0-0-0,#,#,en,0.0,0.03,habitanteysuesperanza_01_neruda_128kb_53
spn,0-0-1-0,#,#,su,0.03,0.24,habitanteysuesperanza_01_neruda_128kb_53
spn,0-0-2-0,#,#,cuarto,0.24,0.62,habitanteysuesperanza_01_neruda_128kb_53
spn,0-0-3-0,#,#,estoy,0.62,0.95,habitanteysuesperanza_01_neruda_128kb_53
spn,0-0-4-0,#,#,comiéndome,0.95,1.31,habitanteysuesperanza_01_neruda_128kb_53
spn,0-0-5-0,#,#,una,1.31,1.54,habitanteysuesperanza_01_neruda_128kb_53
spn,0-0-6-0,#,#,manzana,1.54,2.29,habitanteysuesperanza_01_neruda_128kb_53
,0-0-7-0,#,#,,2.29,2.63,habitanteysuesperanza_01_neruda_128kb_53
spn,0-0-8-0,#,#,cuando,2.63,2.86,habitanteysuesperanza_01_neruda_128kb_53
spn,0-0-9-0,#,#,aparece,2.86,3.46,habitanteysuesperanza_01_neruda_128kb_53
spn,0-0-10-0,#,#,frente,3.46,3.55,habitanteysuesperanza_01_neruda_128kb_53
a,0-0-11-0,#,#,a,3.55,3.58,habitanteysuesperanza_01_neruda_128kb_53
spn,0-0-12-0,#,#,mí,3.58,3.98,habitanteysuesperanza_01_neruda_128kb_53
,0-0-13-0,#,#,,3.98,4.26,habitanteysuesperanza_01_neruda_128kb_53
i,0-0-14-0,#,#,y,4.26,4.35,habitanteysuesperanza_01_neruda_128kb_53
spn,0-0-15-0,#,#,el,4.35,4.52,habitanteysuesperanza_01_neruda_128kb_53
spn,0-0-16-0,#,#,olor,4.52,4.73,habitanteysuesperanza_01_neruda_128kb_53
spn,0-0-17-0,#,#,de,4.73,5.78,habitanteysuesperanza_01_neruda_128kb_53
,0-0-18-0,#,#,,5.78,5.95,habitanteysuesperanza_01_neruda_128kb_53
spn,0-0-19-0,#,#,los,5.95,6.15,habitanteysuesperanza_01_neruda_128kb_53
spn,0-0-20-0,#,#,jasmines,6.15,6.35,habitanteysuesperanza_01_neruda_128kb_53
c,0-0-21-0,#,#,que,6.35,6.38,habitanteysuesperanza_01_neruda_128kb_53
spn,0-0-22-0,#,#,apreta,6.38,6.49,habitanteysuesperanza_01_neruda_128kb_53
spn,0-0-23-0,#,#,con,6.49,6.67,habitanteysuesperanza_01_neruda_128kb_53
spn,0-0-24-0,#,#,el,6.67,6.8,habitanteysuesperanza_01_neruda_128kb_53
spn,0-0-25-0,#,#,pecho,6.8,7.13,habitanteysuesperanza_01_neruda_128kb_53
i,0-0-26-0,#,#,y,7.13,7.16,habitanteysuesperanza_01_neruda_128kb_53
spn,0-0-27-0,#,#,las,7.16,7.9,habitanteysuesperanza_01_neruda_128kb_53
spn,0-0-28-0,#,#,manos,7.9,8.16,habitanteysuesperanza_01_neruda_128kb_53
spn,0-0-29-0,#,#,me,8.16,8.42,habitanteysuesperanza_01_neruda_128kb_53
spn,0-0-30-0,#,#,sumerje,8.42,8.46,habitanteysuesperanza_01_neruda_128kb_53
e,0-0-31-0,n,#,en,8.46,8.56,habitanteysuesperanza_01_neruda_128kb_53
n,0-0-31-1,#,e,en,8.56,8.62,habitanteysuesperanza_01_neruda_128kb_53
spn,0-0-32-0,#,#,nuestro,8.62,8.93,habitanteysuesperanza_01_neruda_128kb_53
spn,0-0-33-0,#,#,abrazo,8.93,9.52,habitanteysuesperanza_01_neruda_128kb_53
,0-0-34-0,#,#,,9.52,9.635624,habitanteysuesperanza_01_neruda_128kb_53
spn,0-0-0-0,#,#,miro,0.0,0.65,habitanteysuesperanza_01_neruda_128kb_54
spn,0-0-1-0,#,#,miro,0.65,1.22,habitanteysuesperanza_01_neruda_128kb_54
spn,0-0-2-0,#,#,sus,1.22,1.48,habitanteysuesperanza_01_neruda_128kb_54
spn,0-0-3-0,#,#,ojos,1.48,1.67,habitanteysuesperanza_01_neruda_128kb_54
spn,0-0-4-0,#,#,debajo,1.67,2.02,habitanteysuesperanza_01_neruda_128kb_54
spn,0-0-5-0,#,#,de,2.02,2.22,habitanteysuesperanza_01_neruda_128kb_54
spn,0-0-6-0,#,#,mi,2.22,2.66,habitanteysuesperanza_01_neruda_128kb_54
spn,0-0-7-0,#,#,boca,2.66,3.02,habitanteysuesperanza_01_neruda_128kb_54
spn,0-0-8-0,#,#,llenos,3.02,3.28,habitanteysuesperanza_01_neruda_128kb_54
spn,0-0-9-0,#,#,de,3.28,3.81,habitanteysuesperanza_01_neruda_128kb_54
spn,0-0-10-0,#,#,lágrimas,3.81,4.13,habitanteysuesperanza_01_neruda_128kb_54
spn,0-0-11-0,#,#,pesados,4.13,4.640635,habitanteysuesperanza_01_neruda_128kb_54
spn,0-0-0-0,#,#,me,0.0,0.27,habitanteysuesperanza_01_neruda_128kb_55
spn,0-0-1-0,#,#,apartó,0.27,0.82,habitanteysuesperanza_01_neruda_128kb_55
spn,0-0-2-0,#,#,hacia,0.82,1.05,habitanteysuesperanza_01_neruda_128kb_55
spn,0-0-3-0,#,#,el,1.05,1.31,habitanteysuesperanza_01_neruda_128kb_55
spn,0-0-4-0,#,#,balcón,1.31,2.66,habitanteysuesperanza_01_neruda_128kb_55
spn,0-0-5-0,#,#,comiendo,2.66,2.83,habitanteysuesperanza_01_neruda_128kb_55
spn,0-0-6-0,#,#,mi,2.83,2.98,habitanteysuesperanza_01_neruda_128kb_55
spn,0-0-7-0,#,#,manzana,2.98,3.47,habitanteysuesperanza_01_neruda_128kb_55
spn,0-0-8-0,#,#,callado,3.47,3.61,habitanteysuesperanza_01_neruda_128kb_55
spn,0-0-9-0,#,#,mientras,3.61,3.88,habitanteysuesperanza_01_neruda_128kb_55
c,0-0-10-0,#,#,que,3.88,3.94,habitanteysuesperanza_01_neruda_128kb_55
spn,0-0-11-0,#,#,ella,3.94,4.17,habitanteysuesperanza_01_neruda_128kb_55
spn,0-0-12-0,#,#,se,4.17,4.71,habitanteysuesperanza_01_neruda_128kb_55
spn,0-0-13-0,#,#,tiende,4.71,4.76,habitanteysuesperanza_01_neruda_128kb_55
u,0-0-14-0,n,#,un,4.76,4.79,habitanteysuesperanza_01_neruda_128kb_55
n,0-0-14-1,#,u,un,4.79,4.88,habitanteysuesperanza_01_neruda_128kb_55
spn,0-0-15-0,#,#,poco,4.88,5.73,habitanteysuesperanza_01_neruda_128kb_55
,0-0-16-0,#,#,,5.73,5.94,habitanteysuesperanza_01_neruda_128kb_55
e,0-0-17-0,#,#,en,5.94,6.03,habitanteysuesperanza_01_neruda_128kb_55
spn,0-0-18-0,#,#,la,6.03,6.33,habitanteysuesperanza_01_neruda_128kb_55
spn,0-0-19-0,#,#,cama,6.33,6.43,habitanteysuesperanza_01_neruda_128kb_55
spn,0-0-20-0,#,#,echando,6.43,6.71,habitanteysuesperanza_01_neruda_128kb_55
spn,0-0-21-0,#,#,hacia,6.71,6.8,habitanteysuesperanza_01_neruda_128kb_55
spn,0-0-22-0,#,#,arriba,6.8,6.91,habitanteysuesperanza_01_neruda_128kb_55
spn,0-0-23-0,#,#,el,6.91,7.12,habitanteysuesperanza_01_neruda_128kb_55
spn,0-0-24-0,#,#,rostrume,7.12,7.44,habitanteysuesperanza_01_neruda_128kb_55
spn,0-0-25-0,#,#,decido,7.44,8.336259,habitanteysuesperanza_01_neruda_128kb_55
spn,0-0-0-0,#,#,por,0.0,0.2,habitanteysuesperanza_01_neruda_128kb_56
spn,0-0-1-0,#,#,la,0.2,0.27,habitanteysuesperanza_01_neruda_128kb_56
spn,0-0-2-0,#,#,ventana,0.27,0.34,habitanteysuesperanza_01_neruda_128kb_56
spn,0-0-3-0,#,#,hay,0.34,0.37,habitanteysuesperanza_01_neruda_128kb_56
spn,0-0-4-0,#,#,la,0.37,0.45,habitanteysuesperanza_01_neruda_128kb_56
spn,0-0-5-0,#,#,noche,0.45,0.86,habitanteysuesperanza_01_neruda_128kb_56
spn,0-0-6-0,#,#,ser,0.86,1.64,habitanteysuesperanza_01_neruda_128kb_56
spn,0-0-7-0,#,#,cruza,1.64,1.99,habitanteysuesperanza_01_neruda_128kb_56
spn,0-0-8-0,#,#,como,1.99,2.08,habitanteysuesperanza_01_neruda_128kb_56
u,0-0-9-0,n,#,un,2.08,2.11,habitanteysuesperanza_01_neruda_128kb_56
n,0-0-9-1,#,u,un,2.11,2.17,habitanteysuesperanza_01_neruda_128kb_56
spn,0-0-10-0,#,#,fragle,2.17,2.99,habitanteysuesperanza_01_neruda_128kb_56
spn,0-0-11-0,#,#,vestido,2.99,3.96,habitanteysuesperanza_01_neruda_128kb_56
,0-0-12-0,#,#,,3.96,4.15,habitanteysuesperanza_01_neruda_128kb_56
spn,0-0-13-0,#,#,de,4.15,4.82,habitanteysuesperanza_01_neruda_128kb_56
spn,0-0-14-0,#,#,negro,4.82,5.0,habitanteysuesperanza_01_neruda_128kb_56
c,0-0-15-0,#,#,que,5.0,5.03,habitanteysuesperanza_01_neruda_128kb_56
spn,0-0-16-0,#,#,se,5.03,5.5,habitanteysuesperanza_01_neruda_128kb_56
spn,0-0-17-0,#,#,parara,5.5,5.75,habitanteysuesperanza_01_neruda_128kb_56
spn,0-0-18-0,#,#,frente,5.75,6.11,habitanteysuesperanza_01_neruda_128kb_56
a,0-0-19-0,#,#,a,6.11,6.14,habitanteysuesperanza_01_neruda_128kb_56
spn,0-0-20-0,#,#,nosotros,6.14,6.28,habitanteysuesperanza_01_neruda_128kb_56
spn,0-0-21-0,#,#,lúgubramente,6.28,6.648753,habitanteysuesperanza_01_neruda_128kb_56
,0-0-0-0,#,#,,0.0,0.04,habitanteysuesperanza_01_neruda_128kb_57
e,0-0-1-0,n,#,en,0.04,0.12,habitanteysuesperanza_01_neruda_128kb_57
n,0-0-1-1,#,e,en,0.12,0.16,habitanteysuesperanza_01_neruda_128kb_57
spn,0-0-2-0,#,#,la,0.16,0.3,habitanteysuesperanza_01_neruda_128kb_57
spn,0-0-3-0,#,#,noche,0.3,0.68,habitanteysuesperanza_01_neruda_128kb_57
spn,0-0-4-0,#,#,seré,0.68,0.9,habitanteysuesperanza_01_neruda_128kb_57
spn,0-0-5-0,#,#,igual,0.9,1.24,habitanteysuesperanza_01_neruda_128kb_57
e,0-0-6-0,n,#,en,1.24,1.27,habitanteysuesperanza_01_neruda_128kb_57
n,0-0-6-1,#,e,en,1.27,1.35,habitanteysuesperanza_01_neruda_128kb_57
spn,0-0-7-0,#,#,todas,1.35,1.64,habitanteysuesperanza_01_neruda_128kb_57
spn,0-0-8-0,#,#,partes,1.64,2.12,habitanteysuesperanza_01_neruda_128kb_57
,0-0-9-0,#,#,,2.12,2.41,habitanteysuesperanza_01_neruda_128kb_57
spn,0-0-10-0,#,#,frente,2.41,3.15,habitanteysuesperanza_01_neruda_128kb_57
spn,0-0-11-0,#,#,al,3.15,3.33,habitanteysuesperanza_01_neruda_128kb_57
spn,0-0-12-0,#,#,corazón,3.33,3.43,habitanteysuesperanza_01_neruda_128kb_57
spn,0-0-13-0,#,#,del,3.43,3.82,habitanteysuesperanza_01_neruda_128kb_57
spn,0-0-14-0,#,#,hombre,3.82,4.58,habitanteysuesperanza_01_neruda_128kb_57
c,0-0-15-0,#,#,que,4.58,4.61,habitanteysuesperanza_01_neruda_128kb_57
spn,0-0-16-0,#,#,se,4.61,5.21,habitanteysuesperanza_01_neruda_128kb_57
spn,0-0-17-0,#,#,concoja,5.21,5.46,habitanteysuesperanza_01_neruda_128kb_57
spn,0-0-18-0,#,#,vacila,5.46,5.81,habitanteysuesperanza_01_neruda_128kb_57
spn,0-0-19-0,#,#,su,5.81,6.14,habitanteysuesperanza_01_neruda_128kb_57
spn,0-0-20-0,#,#,trapo,6.14,6.31,habitanteysuesperanza_01_neruda_128kb_57
i,0-0-21-0,#,#,y,6.31,6.34,habitanteysuesperanza_01_neruda_128kb_57
spn,0-0-22-0,#,#,se,6.34,6.71,habitanteysuesperanza_01_neruda_128kb_57
spn,0-0-23-0,#,#,roya,6.71,6.85,habitanteysuesperanza_01_neruda_128kb_57
spn,0-0-24-0,#,#,las,6.85,7.22,habitanteysuesperanza_01_neruda_128kb_57
spn,0-0-25-0,#,#,piernas,7.22,7.46,habitanteysuesperanza_01_neruda_128kb_57
spn,0-0-26-0,#,#,como,7.46,7.88,habitanteysuesperanza_01_neruda_128kb_57
spn,0-0-27-0,#,#,velad,7.88,8.63,habitanteysuesperanza_01_neruda_128kb_57
spn,0-0-28-0,#,#,mencida,8.63,8.99,habitanteysuesperanza_01_neruda_128kb_57
spn,0-0-29-0,#,#,temerosa,8.99,9.382494,habitanteysuesperanza_01_neruda_128kb_57
spn,0-0-0-0,#,#,hay,0.0,0.54,habitanteysuesperanza_01_neruda_128kb_58
spn,0-0-1-0,#,#,del,0.54,0.71,habitanteysuesperanza_01_neruda_128kb_58
c,0-0-2-0,#,#,que,0.71,0.77,habitanteysuesperanza_01_neruda_128kb_58
spn,0-0-3-0,#,#,no,0.77,1.12,habitanteysuesperanza_01_neruda_128kb_58
spn,0-0-4-0,#,#,sabe,1.12,1.26,habitanteysuesperanza_01_neruda_128kb_58
c,0-0-5-0,#,#,que,1.26,1.32,habitanteysuesperanza_01_neruda_128kb_58
spn,0-0-6-0,#,#,camino,1.32,1.4,habitanteysuesperanza_01_neruda_128kb_58
spn,0-0-7-0,#,#,tomar,1.4,1.77,habitanteysuesperanza_01_neruda_128kb_58
spn,0-0-8-0,#,#,del,1.77,2.43,habitanteysuesperanza_01_neruda_128kb_58
spn,0-0-9-0,#,#,mar,2.43,2.92,habitanteysuesperanza_01_neruda_128kb_58
,0-0-10-0,#,#,,2.92,2.95,habitanteysuesperanza_01_neruda_128kb_58
o,0-0-11-0,#,#,o,2.95,3.06,habitanteysuesperanza_01_neruda_128kb_58
spn,0-0-12-0,#,#,de,3.06,3.46,habitanteysuesperanza_01_neruda_128kb_58
spn,0-0-13-0,#,#,la,3.46,3.5,habitanteysuesperanza_01_neruda_128kb_58
spn,0-0-14-0,#,#,selva,3.5,4.13,habitanteysuesperanza_01_neruda_128kb_58
spn,0-0-15-0,#,#,hay,4.13,4.71,habitanteysuesperanza_01_neruda_128kb_58
spn,0-0-16-0,#,#,de,4.71,4.87,habitanteysuesperanza_01_neruda_128kb_58
c,0-0-17-0,#,#,que,4.87,4.93,habitanteysuesperanza_01_neruda_128kb_58
spn,0-0-18-0,#,#,regresa,4.93,5.02,habitanteysuesperanza_01_neruda_128kb_58
j,0-0-19-0,#,#,y,5.02,5.05,habitanteysuesperanza_01_neruda_128kb_58
spn,0-0-20-0,#,#,encuentra,5.05,5.11,habitanteysuesperanza_01_neruda_128kb_58
spn,0-0-21-0,#,#,dividido,5.11,5.15,habitanteysuesperanza_01_neruda_128kb_58
spn,0-0-22-0,#,#,su,5.15,5.21,habitanteysuesperanza_01_neruda_128kb_58
spn,0-0-23-0,#,#,terreno,5.21,5.54,habitanteysuesperanza_01_neruda_128kb_58
e,0-0-24-0,n,#,en,5.54,5.59,habitanteysuesperanza_01_neruda_128kb_58
n,0-0-24-1,#,e,en,5.59,5.66,habitanteysuesperanza_01_neruda_128kb_58
spn,0-0-25-0,#,#,esta,5.66,5.85,habitanteysuesperanza_01_neruda_128kb_58
spn,0-0-26-0,#,#,hora,5.85,7.25,habitanteysuesperanza_01_neruda_128kb_58
spn,0-0-27-0,#,#,de,7.25,7.74,habitanteysuesperanza_01_neruda_128kb_58
spn,0-0-28-0,#,#,bil,7.74,8.4,habitanteysuesperanza_01_neruda_128kb_58
,0-0-29-0,#,#,,8.4,8.56,habitanteysuesperanza_01_neruda_128kb_58
e,0-0-30-0,n,#,en,8.56,8.65,habitanteysuesperanza_01_neruda_128kb_58
n,0-0-30-1,#,e,en,8.65,8.68,habitanteysuesperanza_01_neruda_128kb_58
c,0-0-31-0,#,#,que,8.68,8.72,habitanteysuesperanza_01_neruda_128kb_58
spn,0-0-32-0,#,#,nadie,8.72,9.16,habitanteysuesperanza_01_neruda_128kb_58
spn,0-0-33-0,#,#,puede,9.16,9.41,habitanteysuesperanza_01_neruda_128kb_58
spn,0-0-34-0,#,#,retratarse,9.41,9.51,habitanteysuesperanza_01_neruda_128kb_58
spn,0-0-35-0,#,#,porque,9.51,9.7,habitanteysuesperanza_01_neruda_128kb_58
spn,0-0-36-0,#,#,las,9.7,9.84,habitanteysuesperanza_01_neruda_128kb_58
spn,0-0-37-0,#,#,condenas,9.84,10.21,habitanteysuesperanza_01_neruda_128kb_58
,0-0-38-0,#,#,,10.21,10.44,habitanteysuesperanza_01_neruda_128kb_58
spn,0-0-39-0,#,#,del,10.44,10.99,habitanteysuesperanza_01_neruda_128kb_58
spn,0-0-40-0,#,#,tiempo,10.99,11.28,habitanteysuesperanza_01_neruda_128kb_58
spn,0-0-41-0,#,#,son,11.28,11.43,habitanteysuesperanza_01_neruda_128kb_58
spn,0-0-42-0,#,#,iguales,11.43,11.53,habitanteysuesperanza_01_neruda_128kb_58
e,0-0-43-0,#,#,e,11.53,11.67,habitanteysuesperanza_01_neruda_128kb_58
spn,0-0-44-0,#,#,infinitas,11.67,11.83,habitanteysuesperanza_01_neruda_128kb_58
spn,0-0-45-0,#,#,caídas,11.83,11.98,habitanteysuesperanza_01_neruda_128kb_58
spn,0-0-46-0,#,#,sobre,11.98,13.25,habitanteysuesperanza_01_neruda_128kb_58
spn,0-0-47-0,#,#,la,13.25,13.95,habitanteysuesperanza_01_neruda_128kb_58
spn,0-0-48-0,#,#,vacilación,13.95,14.16,habitanteysuesperanza_01_neruda_128kb_58
o,0-0-49-0,#,#,o,14.16,14.19,habitanteysuesperanza_01_neruda_128kb_58
spn,0-0-50-0,#,#,las,14.19,15.18,habitanteysuesperanza_01_neruda_128kb_58
spn,0-0-51-0,#,#,angustias,15.18,15.778118,habitanteysuesperanza_01_neruda_128kb_58
,0-0-0-0,#,#,,0.0,0.05,habitanteysuesperanza_01_neruda_128kb_59
spn,0-0-1-0,#,#,entonces,0.05,0.86,habitanteysuesperanza_01_neruda_128kb_59
spn,0-0-2-0,#,#,nos,0.86,1.27,habitanteysuesperanza_01_neruda_128kb_59
spn,0-0-3-0,#,#,acercamos,1.27,1.73,habitanteysuesperanza_01_neruda_128kb_59
spn,0-0-4-0,#,#,conjurando,1.73,2.51,habitanteysuesperanza_01_neruda_128kb_59
,0-0-5-0,#,#,,2.51,2.74,habitanteysuesperanza_01_neruda_128kb_59
spn,0-0-6-0,#,#,el,2.74,3.07,habitanteysuesperanza_01_neruda_128kb_59
spn,0-0-7-0,#,#,maleficio,3.07,3.34,habitanteysuesperanza_01_neruda_128kb_59
spn,0-0-8-0,#,#,cerrando,3.34,3.44,habitanteysuesperanza_01_neruda_128kb_59
spn,0-0-9-0,#,#,los,3.44,3.66,habitanteysuesperanza_01_neruda_128kb_59
spn,0-0-10-0,#,#,ojos,3.66,3.89,habitanteysuesperanza_01_neruda_128kb_59
spn,0-0-11-0,#,#,como,3.89,4.23,habitanteysuesperanza_01_neruda_128kb_59
spn,0-0-12-0,#,#,para,4.23,4.58,habitanteysuesperanza_01_neruda_128kb_59
spn,0-0-13-0,#,#,oscurecernos,4.58,4.78,habitanteysuesperanza_01_neruda_128kb_59
spn,0-0-14-0,#,#,por,4.78,5.22,habitanteysuesperanza_01_neruda_128kb_59
spn,0-0-15-0,#,#,completo,5.22,5.51,habitanteysuesperanza_01_neruda_128kb_59
,0-0-16-0,#,#,,5.51,5.619365,habitanteysuesperanza_01_neruda_128kb_59
spn,0-0-0-0,#,#,pero,0.0,0.34,habitanteysuesperanza_01_neruda_128kb_60
spn,0-0-1-0,#,#,al,0.34,0.75,habitanteysuesperanza_01_neruda_128kb_60
spn,0-0-2-0,#,#,canso,0.75,1.04,habitanteysuesperanza_01_neruda_128kb_60
a,0-0-3-0,#,#,a,1.04,1.07,habitanteysuesperanza_01_neruda_128kb_60
spn,0-0-4-0,#,#,divisar,1.07,1.32,habitanteysuesperanza_01_neruda_128kb_60
spn,0-0-5-0,#,#,por,1.32,1.44,habitanteysuesperanza_01_neruda_128kb_60
spn,0-0-6-0,#,#,el,1.44,2.31,habitanteysuesperanza_01_neruda_128kb_60
spn,0-0-7-0,#,#,ojo,2.31,3.05,habitanteysuesperanza_01_neruda_128kb_60
spn,0-0-8-0,#,#,derecho,3.05,3.75,habitanteysuesperanza_01_neruda_128kb_60
spn,0-0-9-0,#,#,sus,3.75,3.9,habitanteysuesperanza_01_neruda_128kb_60
spn,0-0-10-0,#,#,trenzas,3.9,3.94,habitanteysuesperanza_01_neruda_128kb_60
spn,0-0-11-0,#,#,amarillas,3.94,4.25,habitanteysuesperanza_01_neruda_128kb_60
spn,0-0-12-0,#,#,largas,4.25,4.3,habitanteysuesperanza_01_neruda_128kb_60
spn,0-0-13-0,#,#,entre,4.3,4.68,habitanteysuesperanza_01_neruda_128kb_60
spn,0-0-14-0,#,#,las,4.68,5.03,habitanteysuesperanza_01_neruda_128kb_60
spn,0-0-15-0,#,#,almohadas,5.03,5.383129,habitanteysuesperanza_01_neruda_128kb_60
spn,0-0-0-0,#,#,yo,0.0,0.04,habitanteysuesperanza_01_neruda_128kb_61
spn,0-0-1-0,#,#,la,0.04,0.24,habitanteysuesperanza_01_neruda_128kb_61
spn,0-0-2-0,#,#,beso,0.24,0.6,habitanteysuesperanza_01_neruda_128kb_61
spn,0-0-3-0,#,#,con,0.6,0.84,habitanteysuesperanza_01_neruda_128kb_61
spn,0-0-4-0,#,#,reconcilación,0.84,1.79,habitanteysuesperanza_01_neruda_128kb_61
spn,0-0-5-0,#,#,con,1.79,2.1,habitanteysuesperanza_01_neruda_128kb_61
spn,0-0-6-0,#,#,temor,2.1,2.22,habitanteysuesperanza_01_neruda_128kb_61
spn,0-0-7-0,#,#,de,2.22,2.35,habitanteysuesperanza_01_neruda_128kb_61
c,0-0-8-0,#,#,que,2.35,2.38,habitanteysuesperanza_01_neruda_128kb_61
spn,0-0-9-0,#,#,se,2.38,2.59,habitanteysuesperanza_01_neruda_128kb_61
spn,0-0-10-0,#,#,muera,2.59,3.06,habitanteysuesperanza_01_neruda_128kb_61
,0-0-11-0,#,#,,3.06,3.172494,habitanteysuesperanza_01_neruda_128kb_61
spn,0-0-0-0,#,#,los,0.0,0.07,habitanteysuesperanza_01_neruda_128kb_62
spn,0-0-1-0,#,#,besos,0.07,0.27,habitanteysuesperanza_01_neruda_128kb_62
spn,0-0-2-0,#,#,se,0.27,0.74,habitanteysuesperanza_01_neruda_128kb_62
spn,0-0-3-0,#,#,apretan,0.74,0.93,habitanteysuesperanza_01_neruda_128kb_62
spn,0-0-4-0,#,#,como,0.93,1.1,habitanteysuesperanza_01_neruda_128kb_62
spn,0-0-5-0,#,#,culebras,1.1,1.6,habitanteysuesperanza_01_neruda_128kb_62
spn,0-0-6-0,#,#,se,1.6,2.4,habitanteysuesperanza_01_neruda_128kb_62
spn,0-0-7-0,#,#,tocan,2.4,2.56,habitanteysuesperanza_01_neruda_128kb_62
spn,0-0-8-0,#,#,con,2.56,3.13,habitanteysuesperanza_01_neruda_128kb_62
spn,0-0-9-0,#,#,levedad,3.13,3.3,habitanteysuesperanza_01_neruda_128kb_62
spn,0-0-10-0,#,#,muy,3.3,3.65,habitanteysuesperanza_01_neruda_128kb_62
spn,0-0-11-0,#,#,diáfana,3.65,4.34,habitanteysuesperanza_01_neruda_128kb_62
spn,0-0-12-0,#,#,son,4.34,4.59,habitanteysuesperanza_01_neruda_128kb_62
spn,0-0-13-0,#,#,besos,4.59,4.98,habitanteysuesperanza_01_neruda_128kb_62
spn,0-0-14-0,#,#,profundos,4.98,5.82,habitanteysuesperanza_01_neruda_128kb_62
i,0-0-15-0,#,#,y,5.82,5.85,habitanteysuesperanza_01_neruda_128kb_62
spn,0-0-16-0,#,#,blandos,5.85,6.12,habitanteysuesperanza_01_neruda_128kb_62
,0-0-17-0,#,#,,6.12,6.37,habitanteysuesperanza_01_neruda_128kb_62
o,0-0-18-0,#,#,o,6.37,6.43,habitanteysuesperanza_01_neruda_128kb_62
spn,0-0-19-0,#,#,se,6.43,6.64,habitanteysuesperanza_01_neruda_128kb_62
spn,0-0-20-0,#,#,alcanzan,6.64,7.2,habitanteysuesperanza_01_neruda_128kb_62
spn,0-0-21-0,#,#,los,7.2,7.88,habitanteysuesperanza_01_neruda_128kb_62
spn,0-0-22-0,#,#,dientes,7.88,8.12,habitanteysuesperanza_01_neruda_128kb_62
c,0-0-23-0,#,#,que,8.12,8.15,habitanteysuesperanza_01_neruda_128kb_62
spn,0-0-24-0,#,#,suenan,8.15,8.34,habitanteysuesperanza_01_neruda_128kb_62
spn,0-0-25-0,#,#,como,8.34,8.61,habitanteysuesperanza_01_neruda_128kb_62
spn,0-0-26-0,#,#,metales,8.61,8.96,habitanteysuesperanza_01_neruda_128kb_62
,0-0-27-0,#,#,,8.96,9.23,habitanteysuesperanza_01_neruda_128kb_62
o,0-0-28-0,#,#,o,9.23,9.3,habitanteysuesperanza_01_neruda_128kb_62
spn,0-0-29-0,#,#,se,9.3,9.75,habitanteysuesperanza_01_neruda_128kb_62
spn,0-0-30-0,#,#,sumergen,9.75,10.25,habitanteysuesperanza_01_neruda_128kb_62
spn,0-0-31-0,#,#,las,10.25,10.48,habitanteysuesperanza_01_neruda_128kb_62
spn,0-0-32-0,#,#,dos,10.48,10.61,habitanteysuesperanza_01_neruda_128kb_62
spn,0-0-33-0,#,#,grandes,10.61,10.81,habitanteysuesperanza_01_neruda_128kb_62
spn,0-0-34-0,#,#,bocas,10.81,11.46,habitanteysuesperanza_01_neruda_128kb_62
spn,0-0-35-0,#,#,temblando,11.46,11.73,habitanteysuesperanza_01_neruda_128kb_62
spn,0-0-36-0,#,#,como,11.73,11.88,habitanteysuesperanza_01_neruda_128kb_62
spn,0-0-37-0,#,#,desgraciados,11.88,12.656259,habitanteysuesperanza_01_neruda_128kb_62
spn,0-0-0-0,#,#,te,0.0,0.11,habitanteysuesperanza_01_neruda_128kb_63
spn,0-0-1-0,#,#,contaré,0.11,0.28,habitanteysuesperanza_01_neruda_128kb_63
spn,0-0-2-0,#,#,día,0.28,0.36,habitanteysuesperanza_01_neruda_128kb_63
a,0-0-3-0,#,#,a,0.36,0.39,habitanteysuesperanza_01_neruda_128kb_63
spn,0-0-4-0,#,#,día,0.39,0.56,habitanteysuesperanza_01_neruda_128kb_63
spn,0-0-5-0,#,#,mi,0.56,1.59,habitanteysuesperanza_01_neruda_128kb_63
spn,0-0-6-0,#,#,infancia,1.59,1.93,habitanteysuesperanza_01_neruda_128kb_63
,0-0-7-0,#,#,,1.93,2.13,habitanteysuesperanza_01_neruda_128kb_63
spn,0-0-8-0,#,#,te,2.13,2.25,habitanteysuesperanza_01_neruda_128kb_63
spn,0-0-9-0,#,#,contaré,2.25,2.64,habitanteysuesperanza_01_neruda_128kb_63
spn,0-0-10-0,#,#,cantando,2.64,2.81,habitanteysuesperanza_01_neruda_128kb_63
spn,0-0-11-0,#,#,mis,2.81,3.04,habitanteysuesperanza_01_neruda_128kb_63
spn,0-0-12-0,#,#,solitarios,3.04,3.94,habitanteysuesperanza_01_neruda_128kb_63
spn,0-0-13-0,#,#,días,3.94,3.98,habitanteysuesperanza_01_neruda_128kb_63
spn,0-0-14-0,#,#,del,3.98,4.22,habitanteysuesperanza_01_neruda_128kb_63
spn,0-0-15-0,#,#,deseo,4.22,5.14,habitanteysuesperanza_01_neruda_128kb_63
,0-0-16-0,#,#,,5.14,5.33,habitanteysuesperanza_01_neruda_128kb_63
o,0-0-17-0,#,#,o,5.33,5.62,habitanteysuesperanza_01_neruda_128kb_63
,0-0-18-0,#,#,,5.62,5.65,habitanteysuesperanza_01_neruda_128kb_63
spn,0-0-19-0,#,#,no,5.65,5.79,habitanteysuesperanza_01_neruda_128kb_63
spn,0-0-20-0,#,#,importa,5.79,5.96,habitanteysuesperanza_01_neruda_128kb_63
spn,0-0-21-0,#,#,hemos,5.96,6.21,habitanteysuesperanza_01_neruda_128kb_63
spn,0-0-22-0,#,#,estado,6.21,6.49,habitanteysuesperanza_01_neruda_128kb_63
,0-0-23-0,#,#,,6.49,6.85,habitanteysuesperanza_01_neruda_128kb_63
spn,0-0-24-0,#,#,ausentes,6.85,7.04,habitanteysuesperanza_01_neruda_128kb_63
spn,0-0-25-0,#,#,pero,7.04,7.71,habitanteysuesperanza_01_neruda_128kb_63
spn,0-0-26-0,#,#,te,7.71,8.53,habitanteysuesperanza_01_neruda_128kb_63
spn,0-0-27-0,#,#,hablaré,8.53,8.69,habitanteysuesperanza_01_neruda_128kb_63
spn,0-0-28-0,#,#,de,8.69,8.9,habitanteysuesperanza_01_neruda_128kb_63
spn,0-0-29-0,#,#,lo,8.9,9.47,habitanteysuesperanza_01_neruda_128kb_63
c,0-0-30-0,#,#,que,9.47,9.53,habitanteysuesperanza_01_neruda_128kb_63
e,0-0-31-0,#,#,he,9.53,9.83,habitanteysuesperanza_01_neruda_128kb_63
spn,0-0-32-0,#,#,hecho,9.83,10.24,habitanteysuesperanza_01_neruda_128kb_63
,0-0-33-0,#,#,,10.24,10.47,habitanteysuesperanza_01_neruda_128kb_63
i,0-0-34-0,#,#,y,10.47,10.55,habitanteysuesperanza_01_neruda_128kb_63
spn,0-0-35-0,#,#,de,10.55,10.7,habitanteysuesperanza_01_neruda_128kb_63
spn,0-0-36-0,#,#,lo,10.7,10.8,habitanteysuesperanza_01_neruda_128kb_63
c,0-0-37-0,#,#,que,10.8,10.87,habitanteysuesperanza_01_neruda_128kb_63
e,0-0-38-0,#,#,he,10.87,10.9,habitanteysuesperanza_01_neruda_128kb_63
spn,0-0-39-0,#,#,deseado,10.9,11.5,habitanteysuesperanza_01_neruda_128kb_63
spn,0-0-40-0,#,#,hacer,11.5,12.06,habitanteysuesperanza_01_neruda_128kb_63
,0-0-41-0,#,#,,12.06,12.11,habitanteysuesperanza_01_neruda_128kb_63
i,0-0-42-0,#,#,y,12.11,12.19,habitanteysuesperanza_01_neruda_128kb_63
spn,0-0-43-0,#,#,de,12.19,12.35,habitanteysuesperanza_01_neruda_128kb_63
spn,0-0-44-0,#,#,cómo,12.35,12.59,habitanteysuesperanza_01_neruda_128kb_63
spn,0-0-45-0,#,#,vivir,12.59,13.25,habitanteysuesperanza_01_neruda_128kb_63
spn,0-0-46-0,#,#,sin,13.25,13.41,habitanteysuesperanza_01_neruda_128kb_63
spn,0-0-47-0,#,#,tranquilidad,13.41,13.96,habitanteysuesperanza_01_neruda_128kb_63
e,0-0-48-0,n,#,en,13.96,14.01,habitanteysuesperanza_01_neruda_128kb_63
n,0-0-48-1,#,e,en,14.01,14.05,habitanteysuesperanza_01_neruda_128kb_63
spn,0-0-49-0,#,#,el,14.05,14.29,habitanteysuesperanza_01_neruda_128kb_63
spn,0-0-50-0,#,#,hotel,14.29,14.39,habitanteysuesperanza_01_neruda_128kb_63
spn,0-0-51-0,#,#,de,14.39,14.63,habitanteysuesperanza_01_neruda_128kb_63
spn,0-0-52-0,#,#,mauricio,14.63,15.204376,habitanteysuesperanza_01_neruda_128kb_63
spn,0-0-0-0,#,#,ella,0.0,0.3,habitanteysuesperanza_01_neruda_128kb_64
spn,0-0-1-0,#,#,está,0.3,0.75,habitanteysuesperanza_01_neruda_128kb_64
spn,0-0-2-0,#,#,sentada,0.75,0.99,habitanteysuesperanza_01_neruda_128kb_64
a,0-0-3-0,#,#,a,0.99,1.02,habitanteysuesperanza_01_neruda_128kb_64
spn,0-0-4-0,#,#,mis,1.02,1.51,habitanteysuesperanza_01_neruda_128kb_64
spn,0-0-5-0,#,#,pies,1.51,1.59,habitanteysuesperanza_01_neruda_128kb_64
e,0-0-6-0,n,#,en,1.59,1.62,habitanteysuesperanza_01_neruda_128kb_64
n,0-0-6-1,#,e,en,1.62,1.7,habitanteysuesperanza_01_neruda_128kb_64
spn,0-0-7-0,#,#,el,1.7,1.84,habitanteysuesperanza_01_neruda_128kb_64
spn,0-0-8-0,#,#,balcón,1.84,2.44,habitanteysuesperanza_01_neruda_128kb_64
spn,0-0-9-0,#,#,nos,2.44,2.64,habitanteysuesperanza_01_neruda_128kb_64
spn,0-0-10-0,#,#,levantamos,2.64,3.5,habitanteysuesperanza_01_neruda_128kb_64
spn,0-0-11-0,#,#,la,3.5,3.78,habitanteysuesperanza_01_neruda_128kb_64
spn,0-0-12-0,#,#,dejó,3.78,4.22,habitanteysuesperanza_01_neruda_128kb_64
spn,0-0-13-0,#,#,andó,4.22,4.75,habitanteysuesperanza_01_neruda_128kb_64
spn,0-0-14-0,#,#,silbándome,4.75,5.16,habitanteysuesperanza_01_neruda_128kb_64
spn,0-0-15-0,#,#,paseo,5.16,5.56,habitanteysuesperanza_01_neruda_128kb_64
a,0-0-16-0,#,#,a,5.56,5.59,habitanteysuesperanza_01_neruda_128kb_64
spn,0-0-17-0,#,#,grandes,5.59,6.01,habitanteysuesperanza_01_neruda_128kb_64
spn,0-0-18-0,#,#,trancos,6.01,6.72,habitanteysuesperanza_01_neruda_128kb_64
spn,0-0-19-0,#,#,por,6.72,7.06,habitanteysuesperanza_01_neruda_128kb_64
spn,0-0-20-0,#,#,su,7.06,7.39,habitanteysuesperanza_01_neruda_128kb_64
spn,0-0-21-0,#,#,pieza,7.39,7.79,habitanteysuesperanza_01_neruda_128kb_64
,0-0-22-0,#,#,,7.79,8.06,habitanteysuesperanza_01_neruda_128kb_64
i,0-0-23-0,#,#,y,8.06,8.13,habitanteysuesperanza_01_neruda_128kb_64
spn,0-0-24-0,#,#,encendemos,8.13,8.37,habitanteysuesperanza_01_neruda_128kb_64
spn,0-0-25-0,#,#,la,8.37,8.49,habitanteysuesperanza_01_neruda_128kb_64
spn,0-0-26-0,#,#,lámpara,8.49,8.58,habitanteysuesperanza_01_neruda_128kb_64
spn,0-0-27-0,#,#,comemos,8.58,8.69,habitanteysuesperanza_01_neruda_128kb_64
spn,0-0-28-0,#,#,sin,8.69,8.92,habitanteysuesperanza_01_neruda_128kb_64
spn,0-0-29-0,#,#,hablarnos,8.92,9.54,habitanteysuesperanza_01_neruda_128kb_64
spn,0-0-30-0,#,#,mucho,9.54,9.75,habitanteysuesperanza_01_neruda_128kb_64
spn,0-0-31-0,#,#,ella,9.75,9.84,habitanteysuesperanza_01_neruda_128kb_64
spn,0-0-32-0,#,#,frente,9.84,10.12,habitanteysuesperanza_01_neruda_128kb_64
a,0-0-33-0,#,#,a,10.12,10.15,habitanteysuesperanza_01_neruda_128kb_64
spn,0-0-34-0,#,#,mí,10.15,10.6,habitanteysuesperanza_01_neruda_128kb_64
spn,0-0-35-0,#,#,tocando,10.6,11.2,habitanteysuesperanza_01_neruda_128kb_64
a,0-0-36-0,#,#,a,11.2,11.23,habitanteysuesperanza_01_neruda_128kb_64
spn,0-0-37-0,#,#,unos,11.23,11.7,habitanteysuesperanza_01_neruda_128kb_64
spn,0-0-38-0,#,#,los,11.7,12.29,habitanteysuesperanza_01_neruda_128kb_64
spn,0-0-39-0,#,#,pies,12.29,13.483129,habitanteysuesperanza_01_neruda_128kb_64
spn,0-0-0-0,#,#,más,0.0,0.35,habitanteysuesperanza_01_neruda_128kb_65
spn,0-0-1-0,#,#,tarde,0.35,0.76,habitanteysuesperanza_01_neruda_128kb_65
spn,0-0-2-0,#,#,la,0.76,1.41,habitanteysuesperanza_01_neruda_128kb_65
spn,0-0-3-0,#,#,beso,1.41,1.63,habitanteysuesperanza_01_neruda_128kb_65
i,0-0-4-0,#,#,y,1.63,1.66,habitanteysuesperanza_01_neruda_128kb_65
spn,0-0-5-0,#,#,nos,1.66,1.9,habitanteysuesperanza_01_neruda_128kb_65
spn,0-0-6-0,#,#,miramos,1.9,2.81,habitanteysuesperanza_01_neruda_128kb_65
,0-0-7-0,#,#,,2.81,3.04,habitanteysuesperanza_01_neruda_128kb_65
spn,0-0-8-0,#,#,con,3.04,3.56,habitanteysuesperanza_01_neruda_128kb_65
spn,0-0-9-0,#,#,silencio,3.56,3.79,habitanteysuesperanza_01_neruda_128kb_65
spn,0-0-10-0,#,#,hábidos,3.79,4.01,habitanteysuesperanza_01_neruda_128kb_65
spn,0-0-11-0,#,#,resueltos,4.01,4.39,habitanteysuesperanza_01_neruda_128kb_65
spn,0-0-12-0,#,#,pero,4.39,4.54,habitanteysuesperanza_01_neruda_128kb_65
spn,0-0-13-0,#,#,la,4.54,4.6,habitanteysuesperanza_01_neruda_128kb_65
spn,0-0-14-0,#,#,dejo,4.6,4.79,habitanteysuesperanza_01_neruda_128kb_65
spn,0-0-15-0,#,#,sentada,4.79,5.03,habitanteysuesperanza_01_neruda_128kb_65
e,0-0-16-0,n,#,en,5.03,5.06,habitanteysuesperanza_01_neruda_128kb_65
n,0-0-16-1,#,e,en,5.06,5.13,habitanteysuesperanza_01_neruda_128kb_65
spn,0-0-17-0,#,#,la,5.13,5.26,habitanteysuesperanza_01_neruda_128kb_65
spn,0-0-18-0,#,#,cama,5.26,6.041247,habitanteysuesperanza_01_neruda_128kb_65
,0-0-0-0,#,#,,0.0,0.05,habitanteysuesperanza_01_neruda_128kb_66
i,0-0-1-0,#,#,y,0.05,0.14,habitanteysuesperanza_01_neruda_128kb_66
spn,0-0-2-0,#,#,vuelvo,0.14,0.84,habitanteysuesperanza_01_neruda_128kb_66
a,0-0-3-0,#,#,a,0.84,0.87,habitanteysuesperanza_01_neruda_128kb_66
spn,0-0-4-0,#,#,pasear,0.87,0.92,habitanteysuesperanza_01_neruda_128kb_66
spn,0-0-5-0,#,#,por,0.92,1.16,habitanteysuesperanza_01_neruda_128kb_66
spn,0-0-6-0,#,#,el,1.16,1.83,habitanteysuesperanza_01_neruda_128kb_66
spn,0-0-7-0,#,#,cuarto,1.83,2.36,habitanteysuesperanza_01_neruda_128kb_66
spn,0-0-8-0,#,#,abajo,2.36,2.72,habitanteysuesperanza_01_neruda_128kb_66
i,0-0-9-0,#,#,y,2.72,2.75,habitanteysuesperanza_01_neruda_128kb_66
spn,0-0-10-0,#,#,arriba,2.75,3.06,habitanteysuesperanza_01_neruda_128kb_66
spn,0-0-11-0,#,#,arriba,3.06,3.33,habitanteysuesperanza_01_neruda_128kb_66
i,0-0-12-0,#,#,y,3.33,3.37,habitanteysuesperanza_01_neruda_128kb_66
spn,0-0-13-0,#,#,abajo,3.37,3.57,habitanteysuesperanza_01_neruda_128kb_66
,0-0-14-0,#,#,,3.57,3.6,habitanteysuesperanza_01_neruda_128kb_66
i,0-0-15-0,#,#,y,3.6,3.69,habitanteysuesperanza_01_neruda_128kb_66
spn,0-0-16-0,#,#,la,3.69,3.78,habitanteysuesperanza_01_neruda_128kb_66
spn,0-0-17-0,#,#,vuelvo,3.78,4.46,habitanteysuesperanza_01_neruda_128kb_66
a,0-0-18-0,#,#,a,4.46,4.49,habitanteysuesperanza_01_neruda_128kb_66
spn,0-0-19-0,#,#,besar,4.49,4.72,habitanteysuesperanza_01_neruda_128kb_66
spn,0-0-20-0,#,#,pero,4.72,5.5,habitanteysuesperanza_01_neruda_128kb_66
,0-0-21-0,#,#,,5.5,5.78,habitanteysuesperanza_01_neruda_128kb_66
spn,0-0-22-0,#,#,la,5.78,6.22,habitanteysuesperanza_01_neruda_128kb_66
spn,0-0-23-0,#,#,dejo,6.22,6.564376,habitanteysuesperanza_01_neruda_128kb_66
spn,0-0-0-0,#,#,la,0.0,0.33,habitanteysuesperanza_01_neruda_128kb_67
spn,0-0-1-0,#,#,muerto,0.33,0.54,habitanteysuesperanza_01_neruda_128kb_67
e,0-0-2-0,n,#,en,0.54,0.57,habitanteysuesperanza_01_neruda_128kb_67
n,0-0-2-1,#,e,en,0.57,0.64,habitanteysuesperanza_01_neruda_128kb_67
spn,0-0-3-0,#,#,el,0.64,0.93,habitanteysuesperanza_01_neruda_128kb_67
spn,0-0-4-0,#,#,brazo,0.93,1.21,habitanteysuesperanza_01_neruda_128kb_67
spn,0-0-5-0,#,#,blanco,1.21,1.55,habitanteysuesperanza_01_neruda_128kb_67
spn,0-0-6-0,#,#,pero,1.55,1.82,habitanteysuesperanza_01_neruda_128kb_67
spn,0-0-7-0,#,#,me,1.82,1.99,habitanteysuesperanza_01_neruda_128kb_67
spn,0-0-8-0,#,#,aparto,1.99,2.446871,habitanteysuesperanza_01_neruda_128kb_67
spn,0-0-0-0,#,#,pero,0.0,0.22,habitanteysuesperanza_01_neruda_128kb_68
spn,0-0-1-0,#,#,la,0.22,0.83,habitanteysuesperanza_01_neruda_128kb_68
spn,0-0-2-0,#,#,noche,0.83,0.9,habitanteysuesperanza_01_neruda_128kb_68
e,0-0-3-0,#,#,es,0.9,0.94,habitanteysuesperanza_01_neruda_128kb_68
spn,0-0-4-0,#,#,larga,0.94,1.147506,habitanteysuesperanza_01_neruda_128kb_68
spn,0-0-0-0,#,#,fin,0.0,0.81,habitanteysuesperanza_01_neruda_128kb_69
spn,0-0-1-0,#,#,de,0.81,0.96,habitanteysuesperanza_01_neruda_128kb_69
spn,0-0-2-0,#,#,section,0.96,1.02,habitanteysuesperanza_01_neruda_128kb_69
spn,0-0-3-0,#,#,one,1.02,1.096871,habitanteysuesperanza_01_neruda_128kb_69
